<metadata xml:lang="en"><Esri><CreaDate>20210617</CreaDate><CreaTime>10174600</CreaTime><SyncOnce>FALSE</SyncOnce><SyncDate>20211011</SyncDate><SyncTime>10153400</SyncTime><ModDate>20211011</ModDate><ModTime>10153400</ModTime><DataProperties><lineage><Process ToolSource="C:\Program Files\ArcGIS\ArcToolbox\Toolboxes\Data Management Tools.tbx\CopyFeatures" Date="20090402" Time="154702">CopyFeatures C:\Montgomery_Mapdata\transportation\roads.shp C:\Montgomery_Mapdata\transportation\Transportation.gdb\Transportation\roads # 0 0 0</Process><Process ToolSource="C:\Program Files\ArcGIS\ArcToolbox\Toolboxes\Conversion Tools.tbx\FeatureClassToFeatureClass" Date="20091005" Time="152004">FeatureClassToFeatureClass C:\Montgomery_Mapdata\transportation\Transportation.gdb\Transportation\roads C:\Montgomery_Mapdata\transportation\OLDROADS MCroads20091005.shp # "FID_1 'FID_1' true true false 4 Long 0 0 ,First,#,C:\Montgomery_Mapdata\transportation\Transportation.gdb\Transportation\roads,FID_1,-1,-1;STREET 'STREET' true true false 30 Text 0 0 ,First,#,C:\Montgomery_Mapdata\transportation\Transportation.gdb\Transportation\roads,STREET,-1,-1;FROMLEFT 'FROMLEFT' true true false 8 Double 0 0 ,First,#,C:\Montgomery_Mapdata\transportation\Transportation.gdb\Transportation\roads,FROMLEFT,-1,-1;TOLEFT 'TOLEFT' true true false 8 Double 0 0 ,First,#,C:\Montgomery_Mapdata\transportation\Transportation.gdb\Transportation\roads,TOLEFT,-1,-1;FROMRIGHT 'FROMRIGHT' true true false 8 Double 0 0 ,First,#,C:\Montgomery_Mapdata\transportation\Transportation.gdb\Transportation\roads,FROMRIGHT,-1,-1;TORIGHT 'TORIGHT' true true false 8 Double 0 0 ,First,#,C:\Montgomery_Mapdata\transportation\Transportation.gdb\Transportation\roads,TORIGHT,-1,-1;RDCODE 'RDCODE' true true false 8 Double 0 0 ,First,#,C:\Montgomery_Mapdata\transportation\Transportation.gdb\Transportation\roads,RDCODE,-1,-1;MAP_ADD 'MAP_ADD' true true false 4 Text 0 0 ,First,#,C:\Montgomery_Mapdata\transportation\Transportation.gdb\Transportation\roads,MAP_ADD,-1,-1;MAP 'MAP' true true false 4 Long 0 0 ,First,#,C:\Montgomery_Mapdata\transportation\Transportation.gdb\Transportation\roads,MAP,-1,-1;SHEET 'SHEET' true true false 7 Text 0 0 ,First,#,C:\Montgomery_Mapdata\transportation\Transportation.gdb\Transportation\roads,SHEET,-1,-1;SR_ 'SR_' true true false 10 Text 0 0 ,First,#,C:\Montgomery_Mapdata\transportation\Transportation.gdb\Transportation\roads,SR_,-1,-1;CITY 'CITY' true true false 16 Text 0 0 ,First,#,C:\Montgomery_Mapdata\transportation\Transportation.gdb\Transportation\roads,CITY,-1,-1;STREET_NAM 'STREET_NAM' true true false 50 Text 0 0 ,First,#,C:\Montgomery_Mapdata\transportation\Transportation.gdb\Transportation\roads,STREET_NAM,-1,-1;STREET_TYP 'STREET_TYP' true true false 10 Text 0 0 ,First,#,C:\Montgomery_Mapdata\transportation\Transportation.gdb\Transportation\roads,STREET_TYP,-1,-1;PREDIR 'PREDIR' true true false 10 Text 0 0 ,First,#,C:\Montgomery_Mapdata\transportation\Transportation.gdb\Transportation\roads,PREDIR,-1,-1;PRETYPE 'PRETYPE' true true false 10 Text 0 0 ,First,#,C:\Montgomery_Mapdata\transportation\Transportation.gdb\Transportation\roads,PRETYPE,-1,-1;SUFDIR 'SUFDIR' true true false 10 Text 0 0 ,First,#,C:\Montgomery_Mapdata\transportation\Transportation.gdb\Transportation\roads,SUFDIR,-1,-1;MARKER 'MARKER' true true false 16 Text 0 0 ,First,#,C:\Montgomery_Mapdata\transportation\Transportation.gdb\Transportation\roads,MARKER,-1,-1;ZIP 'ZIP' true true false 15 Text 0 0 ,First,#,C:\Montgomery_Mapdata\transportation\Transportation.gdb\Transportation\roads,ZIP,-1,-1;STATE 'STATE' true true false 15 Text 0 0 ,First,#,C:\Montgomery_Mapdata\transportation\Transportation.gdb\Transportation\roads,STATE,-1,-1;COUNTY 'COUNTY' true true false 2 Short 0 0 ,First,#,C:\Montgomery_Mapdata\transportation\Transportation.gdb\Transportation\roads,COUNTY,-1,-1;ESNNUM_1 'ESNNUM_1' true true false 8 Double 0 0 ,First,#,C:\Montgomery_Mapdata\transportation\Transportation.gdb\Transportation\roads,ESNNUM_1,-1,-1;PSAP 'PSAP' true true false 4 Text 0 0 ,First,#,C:\Montgomery_Mapdata\transportation\Transportation.gdb\Transportation\roads,PSAP,-1,-1;FIRE_1 'FIRE_1' true true false 40 Text 0 0 ,First,#,C:\Montgomery_Mapdata\transportation\Transportation.gdb\Transportation\roads,FIRE_1,-1,-1;LAW_1 'LAW_1' true true false 40 Text 0 0 ,First,#,C:\Montgomery_Mapdata\transportation\Transportation.gdb\Transportation\roads,LAW_1,-1,-1;MEDICAL_1 'MEDICAL_1' true true false 40 Text 0 0 ,First,#,C:\Montgomery_Mapdata\transportation\Transportation.gdb\Transportation\roads,MEDICAL_1,-1,-1;Shape_Leng 'Shape_Length' false true true 8 Double 0 0 ,First,#,C:\Montgomery_Mapdata\transportation\Transportation.gdb\Transportation\roads,Shape_Length,-1,-1;Length_FT 'Length_FT' true true false 8 Double 0 0 ,First,#,C:\Montgomery_Mapdata\transportation\Transportation.gdb\Transportation\roads,Length_FT,-1,-1;Length_Ml 'Length_Ml' true true false 8 Double 0 0 ,First,#,C:\Montgomery_Mapdata\transportation\Transportation.gdb\Transportation\roads,Length_Ml,-1,-1" # C:\Montgomery_Mapdata\transportation\OLDROADS\MCroads20091005.shp</Process><Process ToolSource="C:\Program Files\ArcGIS\ArcToolbox\Toolboxes\Conversion Tools.tbx\FeatureClassToFeatureClass" Date="20091007" Time="223522">FeatureClassToFeatureClass "\\Mapserver\Southern Maps\Montgomery Maps\Map Install\Map Files\Map Data\MCroads20091005.shp" "\\Mapserver\Southern Maps\Montgomery Maps\Map Install\Map Files\Map Data\Montgomery.gdb\Transportation" roads # "FID_1 'FID_1' true true false 9 Long 0 9 ,First,#,\\Mapserver\Southern Maps\Montgomery Maps\Map Install\Map Files\Map Data\MCroads20091005.shp,FID_1,-1,-1;STREET 'STREET' true true false 30 Text 0 0 ,First,#,\\Mapserver\Southern Maps\Montgomery Maps\Map Install\Map Files\Map Data\MCroads20091005.shp,STREET,-1,-1;FROMLEFT 'FROMLEFT' true true false 19 Double 0 0 ,First,#,\\Mapserver\Southern Maps\Montgomery Maps\Map Install\Map Files\Map Data\MCroads20091005.shp,FROMLEFT,-1,-1;TOLEFT 'TOLEFT' true true false 19 Double 0 0 ,First,#,\\Mapserver\Southern Maps\Montgomery Maps\Map Install\Map Files\Map Data\MCroads20091005.shp,TOLEFT,-1,-1;FROMRIGHT 'FROMRIGHT' true true false 19 Double 0 0 ,First,#,\\Mapserver\Southern Maps\Montgomery Maps\Map Install\Map Files\Map Data\MCroads20091005.shp,FROMRIGHT,-1,-1;TORIGHT 'TORIGHT' true true false 19 Double 0 0 ,First,#,\\Mapserver\Southern Maps\Montgomery Maps\Map Install\Map Files\Map Data\MCroads20091005.shp,TORIGHT,-1,-1;RDCODE 'RDCODE' true true false 19 Double 0 0 ,First,#,\\Mapserver\Southern Maps\Montgomery Maps\Map Install\Map Files\Map Data\MCroads20091005.shp,RDCODE,-1,-1;MAP_ADD 'MAP_ADD' true true false 4 Text 0 0 ,First,#,\\Mapserver\Southern Maps\Montgomery Maps\Map Install\Map Files\Map Data\MCroads20091005.shp,MAP_ADD,-1,-1;MAP 'MAP' true true false 9 Long 0 9 ,First,#,\\Mapserver\Southern Maps\Montgomery Maps\Map Install\Map Files\Map Data\MCroads20091005.shp,MAP,-1,-1;SHEET 'SHEET' true true false 7 Text 0 0 ,First,#,\\Mapserver\Southern Maps\Montgomery Maps\Map Install\Map Files\Map Data\MCroads20091005.shp,SHEET,-1,-1;SR_ 'SR_' true true false 10 Text 0 0 ,First,#,\\Mapserver\Southern Maps\Montgomery Maps\Map Install\Map Files\Map Data\MCroads20091005.shp,SR_,-1,-1;CITY 'CITY' true true false 16 Text 0 0 ,First,#,\\Mapserver\Southern Maps\Montgomery Maps\Map Install\Map Files\Map Data\MCroads20091005.shp,CITY,-1,-1;STREET_NAM 'STREET_NAM' true true false 50 Text 0 0 ,First,#,\\Mapserver\Southern Maps\Montgomery Maps\Map Install\Map Files\Map Data\MCroads20091005.shp,STREET_NAM,-1,-1;STREET_TYP 'STREET_TYP' true true false 10 Text 0 0 ,First,#,\\Mapserver\Southern Maps\Montgomery Maps\Map Install\Map Files\Map Data\MCroads20091005.shp,STREET_TYP,-1,-1;PREDIR 'PREDIR' true true false 10 Text 0 0 ,First,#,\\Mapserver\Southern Maps\Montgomery Maps\Map Install\Map Files\Map Data\MCroads20091005.shp,PREDIR,-1,-1;PRETYPE 'PRETYPE' true true false 10 Text 0 0 ,First,#,\\Mapserver\Southern Maps\Montgomery Maps\Map Install\Map Files\Map Data\MCroads20091005.shp,PRETYPE,-1,-1;SUFDIR 'SUFDIR' true true false 10 Text 0 0 ,First,#,\\Mapserver\Southern Maps\Montgomery Maps\Map Install\Map Files\Map Data\MCroads20091005.shp,SUFDIR,-1,-1;MARKER 'MARKER' true true false 16 Text 0 0 ,First,#,\\Mapserver\Southern Maps\Montgomery Maps\Map Install\Map Files\Map Data\MCroads20091005.shp,MARKER,-1,-1;ZIP 'ZIP' true true false 15 Text 0 0 ,First,#,\\Mapserver\Southern Maps\Montgomery Maps\Map Install\Map Files\Map Data\MCroads20091005.shp,ZIP,-1,-1;STATE 'STATE' true true false 15 Text 0 0 ,First,#,\\Mapserver\Southern Maps\Montgomery Maps\Map Install\Map Files\Map Data\MCroads20091005.shp,STATE,-1,-1;COUNTY 'COUNTY' true true false 4 Short 0 4 ,First,#,\\Mapserver\Southern Maps\Montgomery Maps\Map Install\Map Files\Map Data\MCroads20091005.shp,COUNTY,-1,-1;ESNNUM_1 'ESNNUM_1' true true false 19 Double 0 0 ,First,#,\\Mapserver\Southern Maps\Montgomery Maps\Map Install\Map Files\Map Data\MCroads20091005.shp,ESNNUM_1,-1,-1;PSAP 'PSAP' true true false 4 Text 0 0 ,First,#,\\Mapserver\Southern Maps\Montgomery Maps\Map Install\Map Files\Map Data\MCroads20091005.shp,PSAP,-1,-1;FIRE_1 'FIRE_1' true true false 40 Text 0 0 ,First,#,\\Mapserver\Southern Maps\Montgomery Maps\Map Install\Map Files\Map Data\MCroads20091005.shp,FIRE_1,-1,-1;LAW_1 'LAW_1' true true false 40 Text 0 0 ,First,#,\\Mapserver\Southern Maps\Montgomery Maps\Map Install\Map Files\Map Data\MCroads20091005.shp,LAW_1,-1,-1;MEDICAL_1 'MEDICAL_1' true true false 40 Text 0 0 ,First,#,\\Mapserver\Southern Maps\Montgomery Maps\Map Install\Map Files\Map Data\MCroads20091005.shp,MEDICAL_1,-1,-1;Shape_Leng 'Shape_Leng' true true false 19 Double 0 0 ,First,#,\\Mapserver\Southern Maps\Montgomery Maps\Map Install\Map Files\Map Data\MCroads20091005.shp,Shape_Leng,-1,-1;Length_FT 'Length_FT' true true false 19 Double 0 0 ,First,#,\\Mapserver\Southern Maps\Montgomery Maps\Map Install\Map Files\Map Data\MCroads20091005.shp,Length_FT,-1,-1;Length_Ml 'Length_Ml' true true false 19 Double 0 0 ,First,#,\\Mapserver\Southern Maps\Montgomery Maps\Map Install\Map Files\Map Data\MCroads20091005.shp,Length_Ml,-1,-1" # "\\Mapserver\Southern Maps\Montgomery Maps\Map Install\Map Files\Map Data\Montgomery.gdb\Transportation\roads"</Process><Process ToolSource="c:\program files (x86)\arcgis\desktop10.5\ArcToolbox\Toolboxes\Conversion Tools.tbx\FeatureClassToFeatureClass" Date="20171220" Time="163155">FeatureClassToFeatureClass "M:\Montgomery_Mapdata\Address Points\Roads.shp" "M:\Montgomery_Mapdata\Address Points\New File Geodatabase.gdb" Roads # "OBJECTID "OBJECTID" true true false 9 Long 0 9 ,First,#,M:\Montgomery_Mapdata\Address Points\Roads.shp,OBJECTID,-1,-1;FID_1 "FID_1" true true false 9 Long 0 9 ,First,#,M:\Montgomery_Mapdata\Address Points\Roads.shp,FID_1,-1,-1;STREET "STREET" true true false 30 Text 0 0 ,First,#,M:\Montgomery_Mapdata\Address Points\Roads.shp,STREET,-1,-1;FROMLEFT "FROMLEFT" true true false 19 Double 0 0 ,First,#,M:\Montgomery_Mapdata\Address Points\Roads.shp,FROMLEFT,-1,-1;TOLEFT "TOLEFT" true true false 19 Double 0 0 ,First,#,M:\Montgomery_Mapdata\Address Points\Roads.shp,TOLEFT,-1,-1;FROMRIGHT "FROMRIGHT" true true false 19 Double 0 0 ,First,#,M:\Montgomery_Mapdata\Address Points\Roads.shp,FROMRIGHT,-1,-1;TORIGHT "TORIGHT" true true false 19 Double 0 0 ,First,#,M:\Montgomery_Mapdata\Address Points\Roads.shp,TORIGHT,-1,-1;RDCODE "RDCODE" true true false 19 Double 0 0 ,First,#,M:\Montgomery_Mapdata\Address Points\Roads.shp,RDCODE,-1,-1;MAP_ADD "MAP_ADD" true true false 4 Text 0 0 ,First,#,M:\Montgomery_Mapdata\Address Points\Roads.shp,MAP_ADD,-1,-1;MAP "MAP" true true false 9 Long 0 9 ,First,#,M:\Montgomery_Mapdata\Address Points\Roads.shp,MAP,-1,-1;SHEET "SHEET" true true false 7 Text 0 0 ,First,#,M:\Montgomery_Mapdata\Address Points\Roads.shp,SHEET,-1,-1;SR_ "SR_" true true false 10 Text 0 0 ,First,#,M:\Montgomery_Mapdata\Address Points\Roads.shp,SR_,-1,-1;CITY "CITY" true true false 16 Text 0 0 ,First,#,M:\Montgomery_Mapdata\Address Points\Roads.shp,CITY,-1,-1;STREET_NAM "STREET_NAM" true true false 50 Text 0 0 ,First,#,M:\Montgomery_Mapdata\Address Points\Roads.shp,STREET_NAM,-1,-1;STREET_TYP "STREET_TYP" true true false 10 Text 0 0 ,First,#,M:\Montgomery_Mapdata\Address Points\Roads.shp,STREET_TYP,-1,-1;PREDIR "PREDIR" true true false 10 Text 0 0 ,First,#,M:\Montgomery_Mapdata\Address Points\Roads.shp,PREDIR,-1,-1;PRETYPE "PRETYPE" true true false 10 Text 0 0 ,First,#,M:\Montgomery_Mapdata\Address Points\Roads.shp,PRETYPE,-1,-1;SUFDIR "SUFDIR" true true false 10 Text 0 0 ,First,#,M:\Montgomery_Mapdata\Address Points\Roads.shp,SUFDIR,-1,-1;MARKER "MARKER" true true false 16 Text 0 0 ,First,#,M:\Montgomery_Mapdata\Address Points\Roads.shp,MARKER,-1,-1;ZIP "ZIP" true true false 15 Text 0 0 ,First,#,M:\Montgomery_Mapdata\Address Points\Roads.shp,ZIP,-1,-1;STATE "STATE" true true false 15 Text 0 0 ,First,#,M:\Montgomery_Mapdata\Address Points\Roads.shp,STATE,-1,-1;COUNTY "COUNTY" true true false 4 Short 0 4 ,First,#,M:\Montgomery_Mapdata\Address Points\Roads.shp,COUNTY,-1,-1;ESNNUM_1 "ESNNUM_1" true true false 19 Double 0 0 ,First,#,M:\Montgomery_Mapdata\Address Points\Roads.shp,ESNNUM_1,-1,-1;PSAP "PSAP" true true false 4 Text 0 0 ,First,#,M:\Montgomery_Mapdata\Address Points\Roads.shp,PSAP,-1,-1;FIRE_1 "FIRE_1" true true false 40 Text 0 0 ,First,#,M:\Montgomery_Mapdata\Address Points\Roads.shp,FIRE_1,-1,-1;LAW_1 "LAW_1" true true false 40 Text 0 0 ,First,#,M:\Montgomery_Mapdata\Address Points\Roads.shp,LAW_1,-1,-1;MEDICAL_1 "MEDICAL_1" true true false 40 Text 0 0 ,First,#,M:\Montgomery_Mapdata\Address Points\Roads.shp,MEDICAL_1,-1,-1;ROAD_NUM "ROAD_NUM" true true false 10 Long 0 10 ,First,#,M:\Montgomery_Mapdata\Address Points\Roads.shp,ROAD_NUM,-1,-1;HWY_CODE "HWY_CODE" true true false 3 Text 0 0 ,First,#,M:\Montgomery_Mapdata\Address Points\Roads.shp,HWY_CODE,-1,-1;RD_NUM "RD_NUM" true true false 10 Text 0 0 ,First,#,M:\Montgomery_Mapdata\Address Points\Roads.shp,RD_NUM,-1,-1;Len_FT "Len_FT" true true false 19 Double 0 0 ,First,#,M:\Montgomery_Mapdata\Address Points\Roads.shp,Len_FT,-1,-1" #</Process><Process ToolSource="c:\program files (x86)\arcgis\desktop10.5\ArcToolbox\Toolboxes\Data Management Tools.tbx\AddField" Date="20171220" Time="165447">AddField "M:\Montgomery_Mapdata\Address Points\New File Geodatabase.gdb\Roads" ST_PREFIX_862427 TEXT 0 0 2 ST_PREFIX NULLABLE NON_REQUIRED #</Process><Process ToolSource="c:\program files (x86)\arcgis\desktop10.5\ArcToolbox\Toolboxes\Data Management Tools.tbx\AddField" Date="20171221" Time="125719">AddField "M:\Montgomery_Mapdata\Address Points\New File Geodatabase.gdb\Roads" CITY_RIGHT_947628 TEXT 0 0 32 CITY_RIGHT NULLABLE NON_REQUIRED #</Process><Process ToolSource="c:\program files (x86)\arcgis\desktop10.5\ArcToolbox\Toolboxes\Data Management Tools.tbx\CalculateField" Date="20171221" Time="125720">CalculateField "M:\Montgomery_Mapdata\Address Points\New File Geodatabase.gdb\Roads" CITY_RIGHT_947628 !CITY_RIGHT! PYTHON #</Process><Process ToolSource="c:\program files (x86)\arcgis\desktop10.5\ArcToolbox\Toolboxes\Data Management Tools.tbx\DeleteField" Date="20171221" Time="125721">DeleteField "M:\Montgomery_Mapdata\Address Points\New File Geodatabase.gdb\Roads" CITY_RIGHT</Process><Process ToolSource="c:\program files (x86)\arcgis\desktop10.5\ArcToolbox\Toolboxes\Data Management Tools.tbx\AddField" Date="20171221" Time="125721">AddField "M:\Montgomery_Mapdata\Address Points\New File Geodatabase.gdb\Roads" CITY_RIGHT TEXT 0 0 32 CITY_RIGHT NULLABLE NON_REQUIRED #</Process><Process ToolSource="c:\program files (x86)\arcgis\desktop10.5\ArcToolbox\Toolboxes\Data Management Tools.tbx\CalculateField" Date="20171221" Time="125722">CalculateField "M:\Montgomery_Mapdata\Address Points\New File Geodatabase.gdb\Roads" CITY_RIGHT !CITY_RIGHT_947628! PYTHON #</Process><Process ToolSource="c:\program files (x86)\arcgis\desktop10.5\ArcToolbox\Toolboxes\Data Management Tools.tbx\DeleteField" Date="20171221" Time="125723">DeleteField "M:\Montgomery_Mapdata\Address Points\New File Geodatabase.gdb\Roads" CITY_RIGHT_947628</Process><Process ToolSource="c:\program files (x86)\arcgis\desktop10.5\ArcToolbox\Toolboxes\Data Management Tools.tbx\AddField" Date="20171221" Time="125956">AddField "M:\Montgomery_Mapdata\Address Points\New File Geodatabase.gdb\Roads" ESN_RIGHT_244433 TEXT 0 0 5 ESN_RIGHT NULLABLE NON_REQUIRED #</Process><Process ToolSource="c:\program files (x86)\arcgis\desktop10.5\ArcToolbox\Toolboxes\Data Management Tools.tbx\CalculateField" Date="20171221" Time="125957">CalculateField "M:\Montgomery_Mapdata\Address Points\New File Geodatabase.gdb\Roads" ESN_RIGHT_244433 !ESN_RIGHT! PYTHON #</Process><Process ToolSource="c:\program files (x86)\arcgis\desktop10.5\ArcToolbox\Toolboxes\Data Management Tools.tbx\DeleteField" Date="20171221" Time="125958">DeleteField "M:\Montgomery_Mapdata\Address Points\New File Geodatabase.gdb\Roads" ESN_RIGHT</Process><Process ToolSource="c:\program files (x86)\arcgis\desktop10.5\ArcToolbox\Toolboxes\Data Management Tools.tbx\AddField" Date="20171221" Time="125958">AddField "M:\Montgomery_Mapdata\Address Points\New File Geodatabase.gdb\Roads" ESN_RIGHT TEXT 0 0 5 ESN_RIGHT NULLABLE NON_REQUIRED #</Process><Process ToolSource="c:\program files (x86)\arcgis\desktop10.5\ArcToolbox\Toolboxes\Data Management Tools.tbx\CalculateField" Date="20171221" Time="130000">CalculateField "M:\Montgomery_Mapdata\Address Points\New File Geodatabase.gdb\Roads" ESN_RIGHT !ESN_RIGHT_244433! PYTHON #</Process><Process ToolSource="c:\program files (x86)\arcgis\desktop10.5\ArcToolbox\Toolboxes\Data Management Tools.tbx\DeleteField" Date="20171221" Time="130000">DeleteField "M:\Montgomery_Mapdata\Address Points\New File Geodatabase.gdb\Roads" ESN_RIGHT_244433</Process><Process ToolSource="c:\program files (x86)\arcgis\desktop10.5\ArcToolbox\Toolboxes\Data Management Tools.tbx\AddField" Date="20171221" Time="130049">AddField "M:\Montgomery_Mapdata\Address Points\New File Geodatabase.gdb\Roads" FULL_NAME_127609 TEXT 0 0 50 FULL_NAME NULLABLE NON_REQUIRED #</Process><Process ToolSource="c:\program files (x86)\arcgis\desktop10.5\ArcToolbox\Toolboxes\Data Management Tools.tbx\CalculateField" Date="20171221" Time="130051">CalculateField "M:\Montgomery_Mapdata\Address Points\New File Geodatabase.gdb\Roads" FULL_NAME_127609 !FULL_NAME! PYTHON #</Process><Process ToolSource="c:\program files (x86)\arcgis\desktop10.5\ArcToolbox\Toolboxes\Data Management Tools.tbx\DeleteField" Date="20171221" Time="130051">DeleteField "M:\Montgomery_Mapdata\Address Points\New File Geodatabase.gdb\Roads" FULL_NAME</Process><Process ToolSource="c:\program files (x86)\arcgis\desktop10.5\ArcToolbox\Toolboxes\Data Management Tools.tbx\AddField" Date="20171221" Time="130052">AddField "M:\Montgomery_Mapdata\Address Points\New File Geodatabase.gdb\Roads" FULL_NAME TEXT 0 0 50 FULL_NAME NULLABLE NON_REQUIRED #</Process><Process ToolSource="c:\program files (x86)\arcgis\desktop10.5\ArcToolbox\Toolboxes\Data Management Tools.tbx\CalculateField" Date="20171221" Time="130053">CalculateField "M:\Montgomery_Mapdata\Address Points\New File Geodatabase.gdb\Roads" FULL_NAME !FULL_NAME_127609! PYTHON #</Process><Process ToolSource="c:\program files (x86)\arcgis\desktop10.5\ArcToolbox\Toolboxes\Data Management Tools.tbx\DeleteField" Date="20171221" Time="130054">DeleteField "M:\Montgomery_Mapdata\Address Points\New File Geodatabase.gdb\Roads" FULL_NAME_127609</Process><Process ToolSource="c:\program files (x86)\arcgis\desktop10.5\ArcToolbox\Toolboxes\Data Management Tools.tbx\AddField" Date="20171221" Time="130155">AddField "M:\Montgomery_Mapdata\Address Points\New File Geodatabase.gdb\Roads" LEFT_HIGH_587391 TEXT 0 0 10 LEFT_HIGH NULLABLE NON_REQUIRED #</Process><Process ToolSource="c:\program files (x86)\arcgis\desktop10.5\ArcToolbox\Toolboxes\Data Management Tools.tbx\CalculateField" Date="20171221" Time="130157">CalculateField "M:\Montgomery_Mapdata\Address Points\New File Geodatabase.gdb\Roads" LEFT_HIGH_587391 !LEFT_HIGH! PYTHON #</Process><Process ToolSource="c:\program files (x86)\arcgis\desktop10.5\ArcToolbox\Toolboxes\Data Management Tools.tbx\DeleteField" Date="20171221" Time="130158">DeleteField "M:\Montgomery_Mapdata\Address Points\New File Geodatabase.gdb\Roads" LEFT_HIGH</Process><Process ToolSource="c:\program files (x86)\arcgis\desktop10.5\ArcToolbox\Toolboxes\Data Management Tools.tbx\AddField" Date="20171221" Time="130158">AddField "M:\Montgomery_Mapdata\Address Points\New File Geodatabase.gdb\Roads" LEFT_HIGH TEXT 0 0 10 LEFT_HIGH NULLABLE NON_REQUIRED #</Process><Process ToolSource="c:\program files (x86)\arcgis\desktop10.5\ArcToolbox\Toolboxes\Data Management Tools.tbx\CalculateField" Date="20171221" Time="130159">CalculateField "M:\Montgomery_Mapdata\Address Points\New File Geodatabase.gdb\Roads" LEFT_HIGH !LEFT_HIGH_587391! PYTHON #</Process><Process ToolSource="c:\program files (x86)\arcgis\desktop10.5\ArcToolbox\Toolboxes\Data Management Tools.tbx\DeleteField" Date="20171221" Time="130200">DeleteField "M:\Montgomery_Mapdata\Address Points\New File Geodatabase.gdb\Roads" LEFT_HIGH_587391</Process><Process ToolSource="c:\program files (x86)\arcgis\desktop10.5\ArcToolbox\Toolboxes\Data Management Tools.tbx\AddField" Date="20171221" Time="130251">AddField "M:\Montgomery_Mapdata\Address Points\New File Geodatabase.gdb\Roads" LEFT_LOW_330125 TEXT 0 0 10 LEFT_LOW NULLABLE NON_REQUIRED #</Process><Process ToolSource="c:\program files (x86)\arcgis\desktop10.5\ArcToolbox\Toolboxes\Data Management Tools.tbx\CalculateField" Date="20171221" Time="130252">CalculateField "M:\Montgomery_Mapdata\Address Points\New File Geodatabase.gdb\Roads" LEFT_LOW_330125 !LEFT_LOW! PYTHON #</Process><Process ToolSource="c:\program files (x86)\arcgis\desktop10.5\ArcToolbox\Toolboxes\Data Management Tools.tbx\DeleteField" Date="20171221" Time="130252">DeleteField "M:\Montgomery_Mapdata\Address Points\New File Geodatabase.gdb\Roads" LEFT_LOW</Process><Process ToolSource="c:\program files (x86)\arcgis\desktop10.5\ArcToolbox\Toolboxes\Data Management Tools.tbx\AddField" Date="20171221" Time="130253">AddField "M:\Montgomery_Mapdata\Address Points\New File Geodatabase.gdb\Roads" LEFT_LOW TEXT 0 0 10 LEFT_LOW NULLABLE NON_REQUIRED #</Process><Process ToolSource="c:\program files (x86)\arcgis\desktop10.5\ArcToolbox\Toolboxes\Data Management Tools.tbx\CalculateField" Date="20171221" Time="130254">CalculateField "M:\Montgomery_Mapdata\Address Points\New File Geodatabase.gdb\Roads" LEFT_LOW !LEFT_LOW_330125! PYTHON #</Process><Process ToolSource="c:\program files (x86)\arcgis\desktop10.5\ArcToolbox\Toolboxes\Data Management Tools.tbx\DeleteField" Date="20171221" Time="130254">DeleteField "M:\Montgomery_Mapdata\Address Points\New File Geodatabase.gdb\Roads" LEFT_LOW_330125</Process><Process ToolSource="c:\program files (x86)\arcgis\desktop10.5\ArcToolbox\Toolboxes\Data Management Tools.tbx\AddField" Date="20171221" Time="130328">AddField "M:\Montgomery_Mapdata\Address Points\New File Geodatabase.gdb\Roads" RIGHT_HIGH_494777 TEXT 0 0 10 RIGHT_HIGH NULLABLE NON_REQUIRED #</Process><Process ToolSource="c:\program files (x86)\arcgis\desktop10.5\ArcToolbox\Toolboxes\Data Management Tools.tbx\CalculateField" Date="20171221" Time="130330">CalculateField "M:\Montgomery_Mapdata\Address Points\New File Geodatabase.gdb\Roads" RIGHT_HIGH_494777 !RIGHT_HIGH! PYTHON #</Process><Process ToolSource="c:\program files (x86)\arcgis\desktop10.5\ArcToolbox\Toolboxes\Data Management Tools.tbx\DeleteField" Date="20171221" Time="130330">DeleteField "M:\Montgomery_Mapdata\Address Points\New File Geodatabase.gdb\Roads" RIGHT_HIGH</Process><Process ToolSource="c:\program files (x86)\arcgis\desktop10.5\ArcToolbox\Toolboxes\Data Management Tools.tbx\AddField" Date="20171221" Time="130331">AddField "M:\Montgomery_Mapdata\Address Points\New File Geodatabase.gdb\Roads" RIGHT_HIGH TEXT 0 0 10 RIGHT_HIGH NULLABLE NON_REQUIRED #</Process><Process ToolSource="c:\program files (x86)\arcgis\desktop10.5\ArcToolbox\Toolboxes\Data Management Tools.tbx\CalculateField" Date="20171221" Time="130332">CalculateField "M:\Montgomery_Mapdata\Address Points\New File Geodatabase.gdb\Roads" RIGHT_HIGH !RIGHT_HIGH_494777! PYTHON #</Process><Process ToolSource="c:\program files (x86)\arcgis\desktop10.5\ArcToolbox\Toolboxes\Data Management Tools.tbx\DeleteField" Date="20171221" Time="130333">DeleteField "M:\Montgomery_Mapdata\Address Points\New File Geodatabase.gdb\Roads" RIGHT_HIGH_494777</Process><Process ToolSource="c:\program files (x86)\arcgis\desktop10.5\ArcToolbox\Toolboxes\Data Management Tools.tbx\AddField" Date="20171221" Time="130352">AddField "M:\Montgomery_Mapdata\Address Points\New File Geodatabase.gdb\Roads" RIGHT_LOW_535674 TEXT 0 0 10 RIGHT_LOW NULLABLE NON_REQUIRED #</Process><Process ToolSource="c:\program files (x86)\arcgis\desktop10.5\ArcToolbox\Toolboxes\Data Management Tools.tbx\CalculateField" Date="20171221" Time="130354">CalculateField "M:\Montgomery_Mapdata\Address Points\New File Geodatabase.gdb\Roads" RIGHT_LOW_535674 !RIGHT_LOW! PYTHON #</Process><Process ToolSource="c:\program files (x86)\arcgis\desktop10.5\ArcToolbox\Toolboxes\Data Management Tools.tbx\DeleteField" Date="20171221" Time="130354">DeleteField "M:\Montgomery_Mapdata\Address Points\New File Geodatabase.gdb\Roads" RIGHT_LOW</Process><Process ToolSource="c:\program files (x86)\arcgis\desktop10.5\ArcToolbox\Toolboxes\Data Management Tools.tbx\AddField" Date="20171221" Time="130355">AddField "M:\Montgomery_Mapdata\Address Points\New File Geodatabase.gdb\Roads" RIGHT_LOW TEXT 0 0 10 RIGHT_LOW NULLABLE NON_REQUIRED #</Process><Process ToolSource="c:\program files (x86)\arcgis\desktop10.5\ArcToolbox\Toolboxes\Data Management Tools.tbx\CalculateField" Date="20171221" Time="130356">CalculateField "M:\Montgomery_Mapdata\Address Points\New File Geodatabase.gdb\Roads" RIGHT_LOW !RIGHT_LOW_535674! PYTHON #</Process><Process ToolSource="c:\program files (x86)\arcgis\desktop10.5\ArcToolbox\Toolboxes\Data Management Tools.tbx\DeleteField" Date="20171221" Time="130357">DeleteField "M:\Montgomery_Mapdata\Address Points\New File Geodatabase.gdb\Roads" RIGHT_LOW_535674</Process><Process ToolSource="c:\program files (x86)\arcgis\desktop10.5\ArcToolbox\Toolboxes\Data Management Tools.tbx\AddField" Date="20171221" Time="130611">AddField "M:\Montgomery_Mapdata\Address Points\New File Geodatabase.gdb\Roads" SR_NUMBER_246381 TEXT 0 0 50 SR_NUMBER NULLABLE NON_REQUIRED #</Process><Process ToolSource="c:\program files (x86)\arcgis\desktop10.5\ArcToolbox\Toolboxes\Data Management Tools.tbx\CalculateField" Date="20171221" Time="130612">CalculateField "M:\Montgomery_Mapdata\Address Points\New File Geodatabase.gdb\Roads" SR_NUMBER_246381 !SR_NUMBER! PYTHON #</Process><Process ToolSource="c:\program files (x86)\arcgis\desktop10.5\ArcToolbox\Toolboxes\Data Management Tools.tbx\DeleteField" Date="20171221" Time="130613">DeleteField "M:\Montgomery_Mapdata\Address Points\New File Geodatabase.gdb\Roads" SR_NUMBER</Process><Process ToolSource="c:\program files (x86)\arcgis\desktop10.5\ArcToolbox\Toolboxes\Data Management Tools.tbx\AddField" Date="20171221" Time="130614">AddField "M:\Montgomery_Mapdata\Address Points\New File Geodatabase.gdb\Roads" SR_NUMBER TEXT 0 0 50 SR_NUMBER NULLABLE NON_REQUIRED #</Process><Process ToolSource="c:\program files (x86)\arcgis\desktop10.5\ArcToolbox\Toolboxes\Data Management Tools.tbx\CalculateField" Date="20171221" Time="130615">CalculateField "M:\Montgomery_Mapdata\Address Points\New File Geodatabase.gdb\Roads" SR_NUMBER !SR_NUMBER_246381! PYTHON #</Process><Process ToolSource="c:\program files (x86)\arcgis\desktop10.5\ArcToolbox\Toolboxes\Data Management Tools.tbx\DeleteField" Date="20171221" Time="130616">DeleteField "M:\Montgomery_Mapdata\Address Points\New File Geodatabase.gdb\Roads" SR_NUMBER_246381</Process><Process ToolSource="c:\program files (x86)\arcgis\desktop10.5\ArcToolbox\Toolboxes\Data Management Tools.tbx\AddField" Date="20171221" Time="130641">AddField "M:\Montgomery_Mapdata\Address Points\New File Geodatabase.gdb\Roads" ST_NAME_983164 TEXT 0 0 60 ST_NAME NULLABLE NON_REQUIRED #</Process><Process ToolSource="c:\program files (x86)\arcgis\desktop10.5\ArcToolbox\Toolboxes\Data Management Tools.tbx\CalculateField" Date="20171221" Time="130642">CalculateField "M:\Montgomery_Mapdata\Address Points\New File Geodatabase.gdb\Roads" ST_NAME_983164 !ST_NAME! PYTHON #</Process><Process ToolSource="c:\program files (x86)\arcgis\desktop10.5\ArcToolbox\Toolboxes\Data Management Tools.tbx\DeleteField" Date="20171221" Time="130643">DeleteField "M:\Montgomery_Mapdata\Address Points\New File Geodatabase.gdb\Roads" ST_NAME</Process><Process ToolSource="c:\program files (x86)\arcgis\desktop10.5\ArcToolbox\Toolboxes\Data Management Tools.tbx\AddField" Date="20171221" Time="130643">AddField "M:\Montgomery_Mapdata\Address Points\New File Geodatabase.gdb\Roads" ST_NAME TEXT 0 0 60 ST_NAME NULLABLE NON_REQUIRED #</Process><Process ToolSource="c:\program files (x86)\arcgis\desktop10.5\ArcToolbox\Toolboxes\Data Management Tools.tbx\CalculateField" Date="20171221" Time="130645">CalculateField "M:\Montgomery_Mapdata\Address Points\New File Geodatabase.gdb\Roads" ST_NAME !ST_NAME_983164! PYTHON #</Process><Process ToolSource="c:\program files (x86)\arcgis\desktop10.5\ArcToolbox\Toolboxes\Data Management Tools.tbx\DeleteField" Date="20171221" Time="130645">DeleteField "M:\Montgomery_Mapdata\Address Points\New File Geodatabase.gdb\Roads" ST_NAME_983164</Process><Process ToolSource="c:\program files (x86)\arcgis\desktop10.5\ArcToolbox\Toolboxes\Data Management Tools.tbx\AddField" Date="20171221" Time="130705">AddField "M:\Montgomery_Mapdata\Address Points\New File Geodatabase.gdb\Roads" ST_PREFIX_604122 TEXT 0 0 2 ST_PREFIX NULLABLE NON_REQUIRED #</Process><Process ToolSource="c:\program files (x86)\arcgis\desktop10.5\ArcToolbox\Toolboxes\Data Management Tools.tbx\AddField" Date="20171221" Time="131153">AddField "M:\Montgomery_Mapdata\Address Points\New File Geodatabase.gdb\Roads" ST_PREFIX_676076 TEXT 0 0 2 ST_PREFIX NULLABLE NON_REQUIRED #</Process><Process ToolSource="c:\program files (x86)\arcgis\desktop10.5\ArcToolbox\Toolboxes\Data Management Tools.tbx\CalculateField" Date="20171221" Time="131154">CalculateField "M:\Montgomery_Mapdata\Address Points\New File Geodatabase.gdb\Roads" ST_PREFIX_676076 !ST_PREFIX! PYTHON #</Process><Process ToolSource="c:\program files (x86)\arcgis\desktop10.5\ArcToolbox\Toolboxes\Data Management Tools.tbx\DeleteField" Date="20171221" Time="131154">DeleteField "M:\Montgomery_Mapdata\Address Points\New File Geodatabase.gdb\Roads" ST_PREFIX</Process><Process ToolSource="c:\program files (x86)\arcgis\desktop10.5\ArcToolbox\Toolboxes\Data Management Tools.tbx\AddField" Date="20171221" Time="131154">AddField "M:\Montgomery_Mapdata\Address Points\New File Geodatabase.gdb\Roads" ST_PREFIX TEXT 0 0 2 ST_PREFIX NULLABLE NON_REQUIRED #</Process><Process ToolSource="c:\program files (x86)\arcgis\desktop10.5\ArcToolbox\Toolboxes\Data Management Tools.tbx\CalculateField" Date="20171221" Time="131155">CalculateField "M:\Montgomery_Mapdata\Address Points\New File Geodatabase.gdb\Roads" ST_PREFIX !ST_PREFIX_676076! PYTHON #</Process><Process ToolSource="c:\program files (x86)\arcgis\desktop10.5\ArcToolbox\Toolboxes\Data Management Tools.tbx\DeleteField" Date="20171221" Time="131155">DeleteField "M:\Montgomery_Mapdata\Address Points\New File Geodatabase.gdb\Roads" ST_PREFIX_676076</Process><Process ToolSource="c:\program files (x86)\arcgis\desktop10.5\ArcToolbox\Toolboxes\Data Management Tools.tbx\AddField" Date="20171221" Time="131218">AddField "M:\Montgomery_Mapdata\Address Points\New File Geodatabase.gdb\Roads" ST_SUFFIX_772655 TEXT 0 0 2 ST_SUFFIX NULLABLE NON_REQUIRED #</Process><Process ToolSource="c:\program files (x86)\arcgis\desktop10.5\ArcToolbox\Toolboxes\Data Management Tools.tbx\CalculateField" Date="20171221" Time="131220">CalculateField "M:\Montgomery_Mapdata\Address Points\New File Geodatabase.gdb\Roads" ST_SUFFIX_772655 !ST_SUFFIX! PYTHON #</Process><Process ToolSource="c:\program files (x86)\arcgis\desktop10.5\ArcToolbox\Toolboxes\Data Management Tools.tbx\DeleteField" Date="20171221" Time="131220">DeleteField "M:\Montgomery_Mapdata\Address Points\New File Geodatabase.gdb\Roads" ST_SUFFIX</Process><Process ToolSource="c:\program files (x86)\arcgis\desktop10.5\ArcToolbox\Toolboxes\Data Management Tools.tbx\AddField" Date="20171221" Time="131221">AddField "M:\Montgomery_Mapdata\Address Points\New File Geodatabase.gdb\Roads" ST_SUFFIX TEXT 0 0 2 ST_SUFFIX NULLABLE NON_REQUIRED #</Process><Process ToolSource="c:\program files (x86)\arcgis\desktop10.5\ArcToolbox\Toolboxes\Data Management Tools.tbx\CalculateField" Date="20171221" Time="131222">CalculateField "M:\Montgomery_Mapdata\Address Points\New File Geodatabase.gdb\Roads" ST_SUFFIX !ST_SUFFIX_772655! PYTHON #</Process><Process ToolSource="c:\program files (x86)\arcgis\desktop10.5\ArcToolbox\Toolboxes\Data Management Tools.tbx\DeleteField" Date="20171221" Time="131223">DeleteField "M:\Montgomery_Mapdata\Address Points\New File Geodatabase.gdb\Roads" ST_SUFFIX_772655</Process><Process ToolSource="c:\program files (x86)\arcgis\desktop10.5\ArcToolbox\Toolboxes\Data Management Tools.tbx\AddField" Date="20171221" Time="131439">AddField "M:\Montgomery_Mapdata\Address Points\New File Geodatabase.gdb\Roads" ST_TYPE_307826 TEXT 0 0 4 ST_TYPE NULLABLE NON_REQUIRED #</Process><Process ToolSource="c:\program files (x86)\arcgis\desktop10.5\ArcToolbox\Toolboxes\Data Management Tools.tbx\AddField" Date="20171221" Time="132456">AddField "M:\Montgomery_Mapdata\Address Points\New File Geodatabase.gdb\Roads" ST_TYPE_847641 TEXT 0 0 4 ST_TYPE NULLABLE NON_REQUIRED #</Process><Process ToolSource="c:\program files (x86)\arcgis\desktop10.5\ArcToolbox\Toolboxes\Data Management Tools.tbx\CalculateField" Date="20171221" Time="132458">CalculateField "M:\Montgomery_Mapdata\Address Points\New File Geodatabase.gdb\Roads" ST_TYPE_847641 !ST_TYPE! PYTHON #</Process><Process ToolSource="c:\program files (x86)\arcgis\desktop10.5\ArcToolbox\Toolboxes\Data Management Tools.tbx\DeleteField" Date="20171221" Time="132459">DeleteField "M:\Montgomery_Mapdata\Address Points\New File Geodatabase.gdb\Roads" ST_TYPE</Process><Process ToolSource="c:\program files (x86)\arcgis\desktop10.5\ArcToolbox\Toolboxes\Data Management Tools.tbx\AddField" Date="20171221" Time="132459">AddField "M:\Montgomery_Mapdata\Address Points\New File Geodatabase.gdb\Roads" ST_TYPE TEXT 0 0 4 ST_TYPE NULLABLE NON_REQUIRED #</Process><Process ToolSource="c:\program files (x86)\arcgis\desktop10.5\ArcToolbox\Toolboxes\Data Management Tools.tbx\CalculateField" Date="20171221" Time="132500">CalculateField "M:\Montgomery_Mapdata\Address Points\New File Geodatabase.gdb\Roads" ST_TYPE !ST_TYPE_847641! PYTHON #</Process><Process ToolSource="c:\program files (x86)\arcgis\desktop10.5\ArcToolbox\Toolboxes\Data Management Tools.tbx\DeleteField" Date="20171221" Time="132501">DeleteField "M:\Montgomery_Mapdata\Address Points\New File Geodatabase.gdb\Roads" ST_TYPE_847641</Process><Process ToolSource="c:\program files (x86)\arcgis\desktop10.5\ArcToolbox\Toolboxes\Data Management Tools.tbx\AddField" Date="20171221" Time="132527">AddField "M:\Montgomery_Mapdata\Address Points\New File Geodatabase.gdb\Roads" ZIP_RIGHT_327041 TEXT 0 0 10 ZIP_RIGHT NULLABLE NON_REQUIRED #</Process><Process ToolSource="c:\program files (x86)\arcgis\desktop10.5\ArcToolbox\Toolboxes\Data Management Tools.tbx\CalculateField" Date="20171221" Time="132529">CalculateField "M:\Montgomery_Mapdata\Address Points\New File Geodatabase.gdb\Roads" ZIP_RIGHT_327041 !ZIP_RIGHT! PYTHON #</Process><Process ToolSource="c:\program files (x86)\arcgis\desktop10.5\ArcToolbox\Toolboxes\Data Management Tools.tbx\DeleteField" Date="20171221" Time="132529">DeleteField "M:\Montgomery_Mapdata\Address Points\New File Geodatabase.gdb\Roads" ZIP_RIGHT</Process><Process ToolSource="c:\program files (x86)\arcgis\desktop10.5\ArcToolbox\Toolboxes\Data Management Tools.tbx\AddField" Date="20171221" Time="132530">AddField "M:\Montgomery_Mapdata\Address Points\New File Geodatabase.gdb\Roads" ZIP_RIGHT TEXT 0 0 10 ZIP_RIGHT NULLABLE NON_REQUIRED #</Process><Process ToolSource="c:\program files (x86)\arcgis\desktop10.5\ArcToolbox\Toolboxes\Data Management Tools.tbx\CalculateField" Date="20171221" Time="132531">CalculateField "M:\Montgomery_Mapdata\Address Points\New File Geodatabase.gdb\Roads" ZIP_RIGHT !ZIP_RIGHT_327041! PYTHON #</Process><Process ToolSource="c:\program files (x86)\arcgis\desktop10.5\ArcToolbox\Toolboxes\Data Management Tools.tbx\DeleteField" Date="20171221" Time="132532">DeleteField "M:\Montgomery_Mapdata\Address Points\New File Geodatabase.gdb\Roads" ZIP_RIGHT_327041</Process><Process ToolSource="c:\program files (x86)\arcgis\desktop10.5\ArcToolbox\Toolboxes\Conversion Tools.tbx\FeatureClassToFeatureClass" Date="20171221" Time="133004">FeatureClassToFeatureClass "M:\Montgomery_Mapdata\Address Points\New File Geodatabase.gdb\Roads" "M:\Montgomery_Mapdata\Address Points" Roads.shp # "ST_PREFIX "ST_PREFIX" true true false 2 Text 0 0 ,First,#,M:\Montgomery_Mapdata\Address Points\New File Geodatabase.gdb\Roads,ST_PREFIX,-1,-1;ST_NAME "ST_NAME" true true false 60 Text 0 0 ,First,#,M:\Montgomery_Mapdata\Address Points\New File Geodatabase.gdb\Roads,ST_NAME,-1,-1;ST_TYPE "ST_TYPE" true true false 4 Text 0 0 ,First,#,M:\Montgomery_Mapdata\Address Points\New File Geodatabase.gdb\Roads,ST_TYPE,-1,-1;ST_SUFFIX "ST_SUFFIX" true true false 2 Text 0 0 ,First,#,M:\Montgomery_Mapdata\Address Points\New File Geodatabase.gdb\Roads,ST_SUFFIX,-1,-1;FULL_NAME "FULL_NAME" true true false 50 Text 0 0 ,First,#,M:\Montgomery_Mapdata\Address Points\New File Geodatabase.gdb\Roads,FULL_NAME,-1,-1;CITY_RIGHT "CITY_RIGHT" true true false 32 Text 0 0 ,First,#,M:\Montgomery_Mapdata\Address Points\New File Geodatabase.gdb\Roads,CITY_RIGHT,-1,-1;ZIP_RIGHT "ZIP_RIGHT" true true false 10 Text 0 0 ,First,#,M:\Montgomery_Mapdata\Address Points\New File Geodatabase.gdb\Roads,ZIP_RIGHT,-1,-1;CITY_LEFT "CITY_LEFT" true true false 32 Text 0 0 ,First,#,M:\Montgomery_Mapdata\Address Points\New File Geodatabase.gdb\Roads,CITY_LEFT,-1,-1;ZIP_LEFT "ZIP_LEFT" true true false 10 Text 0 0 ,First,#,M:\Montgomery_Mapdata\Address Points\New File Geodatabase.gdb\Roads,ZIP_LEFT,-1,-1;RIGHT_LOW "RIGHT_LOW" true true false 10 Text 0 0 ,First,#,M:\Montgomery_Mapdata\Address Points\New File Geodatabase.gdb\Roads,RIGHT_LOW,-1,-1;RIGHT_HIGH "RIGHT_HIGH" true true false 10 Text 0 0 ,First,#,M:\Montgomery_Mapdata\Address Points\New File Geodatabase.gdb\Roads,RIGHT_HIGH,-1,-1;LEFT_LOW "LEFT_LOW" true true false 10 Text 0 0 ,First,#,M:\Montgomery_Mapdata\Address Points\New File Geodatabase.gdb\Roads,LEFT_LOW,-1,-1;LEFT_HIGH "LEFT_HIGH" true true false 10 Text 0 0 ,First,#,M:\Montgomery_Mapdata\Address Points\New File Geodatabase.gdb\Roads,LEFT_HIGH,-1,-1;ESN_RIGHT "ESN_RIGHT" true true false 5 Text 0 0 ,First,#,M:\Montgomery_Mapdata\Address Points\New File Geodatabase.gdb\Roads,ESN_RIGHT,-1,-1;ESN_LEFT "ESN_LEFT" true true false 5 Text 0 0 ,First,#,M:\Montgomery_Mapdata\Address Points\New File Geodatabase.gdb\Roads,ESN_LEFT,-1,-1;SR_NUMBER "SR_NUMBER" true true false 50 Text 0 0 ,First,#,M:\Montgomery_Mapdata\Address Points\New File Geodatabase.gdb\Roads,SR_NUMBER,-1,-1;HWY_CODE "HWY_CODE" true true false 3 Text 0 0 ,First,#,M:\Montgomery_Mapdata\Address Points\New File Geodatabase.gdb\Roads,HWY_CODE,-1,-1;FROM_TO "FROM_TO" true true false 255 Text 0 0 ,First,#,M:\Montgomery_Mapdata\Address Points\New File Geodatabase.gdb\Roads,FROM_TO,-1,-1;REMARKS "REMARKS" true true false 100 Text 0 0 ,First,#,M:\Montgomery_Mapdata\Address Points\New File Geodatabase.gdb\Roads,REMARKS,-1,-1;Shape_Leng "Shape_Leng" false true true 8 Double 0 0 ,First,#,M:\Montgomery_Mapdata\Address Points\New File Geodatabase.gdb\Roads,Shape_Length,-1,-1" #</Process><Process ToolSource="c:\program files (x86)\arcgis\desktop10.7\ArcToolbox\Toolboxes\Conversion Tools.tbx\FeatureClassToFeatureClass" Date="20191115" Time="101202">FeatureClassToFeatureClass "C:\Montgomery Mapdata\Montgomery.gdb\Transportation\Roads" "C:\Montgomery Mapdata\Montgomery.gdb\Transportation" Roads0 # "ST_PREFIX "ST_PREFIX" true true false 2 Text 0 0 ,First,#,C:\Montgomery Mapdata\Montgomery.gdb\Transportation\Roads,ST_PREFIX,-1,-1;ST_NAME "ST_NAME" true true false 60 Text 0 0 ,First,#,C:\Montgomery Mapdata\Montgomery.gdb\Transportation\Roads,ST_NAME,-1,-1;ST_TYPE "ST_TYPE" true true false 4 Text 0 0 ,First,#,C:\Montgomery Mapdata\Montgomery.gdb\Transportation\Roads,ST_TYPE,-1,-1;ST_SUFFIX "ST_SUFFIX" true true false 2 Text 0 0 ,First,#,C:\Montgomery Mapdata\Montgomery.gdb\Transportation\Roads,ST_SUFFIX,-1,-1;FULL_NAME "FULL_NAME" true true false 50 Text 0 0 ,First,#,C:\Montgomery Mapdata\Montgomery.gdb\Transportation\Roads,FULL_NAME,-1,-1;CITY_RIGHT "CITY_RIGHT" true true false 32 Text 0 0 ,First,#,C:\Montgomery Mapdata\Montgomery.gdb\Transportation\Roads,CITY_RIGHT,-1,-1;ZIP_RIGHT "ZIP_RIGHT" true true false 10 Text 0 0 ,First,#,C:\Montgomery Mapdata\Montgomery.gdb\Transportation\Roads,ZIP_RIGHT,-1,-1;CITY_LEFT "CITY_LEFT" true true false 32 Text 0 0 ,First,#,C:\Montgomery Mapdata\Montgomery.gdb\Transportation\Roads,CITY_LEFT,-1,-1;ZIP_LEFT "ZIP_LEFT" true true false 10 Text 0 0 ,First,#,C:\Montgomery Mapdata\Montgomery.gdb\Transportation\Roads,ZIP_LEFT,-1,-1;TRAVELDIRE "TRAVELDIRE" true true false 50 Text 0 0 ,First,#,C:\Montgomery Mapdata\Montgomery.gdb\Transportation\Roads,TRAVELDIRE,-1,-1;RIGHT_LOW "RIGHT_LOW" true true false 10 Text 0 0 ,First,#,C:\Montgomery Mapdata\Montgomery.gdb\Transportation\Roads,RIGHT_LOW,-1,-1;RIGHT_HIGH "RIGHT_HIGH" true true false 10 Text 0 0 ,First,#,C:\Montgomery Mapdata\Montgomery.gdb\Transportation\Roads,RIGHT_HIGH,-1,-1;LEFT_LOW "LEFT_LOW" true true false 10 Text 0 0 ,First,#,C:\Montgomery Mapdata\Montgomery.gdb\Transportation\Roads,LEFT_LOW,-1,-1;LEFT_HIGH "LEFT_HIGH" true true false 10 Text 0 0 ,First,#,C:\Montgomery Mapdata\Montgomery.gdb\Transportation\Roads,LEFT_HIGH,-1,-1;ESN_RIGHT "ESN_RIGHT" true true false 5 Text 0 0 ,First,#,C:\Montgomery Mapdata\Montgomery.gdb\Transportation\Roads,ESN_RIGHT,-1,-1;ESN_LEFT "ESN_LEFT" true true false 5 Text 0 0 ,First,#,C:\Montgomery Mapdata\Montgomery.gdb\Transportation\Roads,ESN_LEFT,-1,-1;SR_NUMBER "SR_NUMBER" true true false 50 Text 0 0 ,First,#,C:\Montgomery Mapdata\Montgomery.gdb\Transportation\Roads,SR_NUMBER,-1,-1;HWY_CODE "HWY_CODE" true true false 3 Text 0 0 ,First,#,C:\Montgomery Mapdata\Montgomery.gdb\Transportation\Roads,HWY_CODE,-1,-1;FROM_TO "FROM_TO" true true false 254 Text 0 0 ,First,#,C:\Montgomery Mapdata\Montgomery.gdb\Transportation\Roads,FROM_TO,-1,-1;REMARKS "REMARKS" true true false 100 Text 0 0 ,First,#,C:\Montgomery Mapdata\Montgomery.gdb\Transportation\Roads,REMARKS,-1,-1;LENGTH "LENGTH" true true false 4 Float 0 0 ,First,#,C:\Montgomery Mapdata\Montgomery.gdb\Transportation\Roads,LENGTH,-1,-1" #</Process><Process ToolSource="c:\program files (x86)\arcgis\desktop10.7\ArcToolbox\Toolboxes\Data Management Tools.tbx\Rename" Date="20191115" Time="101205">Rename "C:\Montgomery Mapdata\Montgomery.gdb\Transportation\Roads0" "C:\Montgomery Mapdata\Montgomery.gdb\Transportation\Roads" FeatureClass</Process><Process ToolSource="c:\program files (x86)\arcgis\desktop10.7\ArcToolbox\Toolboxes\Data Management Tools.tbx\CalculateField" Date="20200820" Time="094437">CalculateField Transportation\Roads Parity_L O VB #</Process><Process ToolSource="c:\program files (x86)\arcgis\desktop10.7\ArcToolbox\Toolboxes\Data Management Tools.tbx\CalculateField" Date="20200820" Time="094651">CalculateField Transportation\Roads Parity_L Odd VB #</Process><Process ToolSource="c:\program files (x86)\arcgis\desktop10.7\ArcToolbox\Toolboxes\Data Management Tools.tbx\CalculateField" Date="20200820" Time="094903">CalculateField Transportation\Roads Parity_L Odd VB #</Process><Process ToolSource="c:\program files (x86)\arcgis\desktop10.7\ArcToolbox\Toolboxes\Data Management Tools.tbx\CalculateField" Date="20200820" Time="094914">CalculateField Transportation\Roads Parity_L O VB #</Process><Process ToolSource="c:\program files (x86)\arcgis\desktop10.7\ArcToolbox\Toolboxes\Conversion Tools.tbx\FeatureClassToFeatureClass" Date="20200825" Time="090359">FeatureClassToFeatureClass "C:\Montgomery Mapdata\Montgomery.gdb\Transportation\Roads" "C:\Montgomery Mapdata" Roads.shp # "ST_PRE_DIR "ST_PRE_DIR" true true false 9 Text 0 0 ,First,#,C:\Montgomery Mapdata\Montgomery.gdb\Transportation\Roads,ST_PRE_DIR,-1,-1;ST_PRE_TYP "ST_PRETYPE" true true false 50 Text 0 0 ,First,#,C:\Montgomery Mapdata\Montgomery.gdb\Transportation\Roads,ST_PRE_TYPE,-1,-1;ST_NAME "ST_NAME" true true false 60 Text 0 0 ,First,#,C:\Montgomery Mapdata\Montgomery.gdb\Transportation\Roads,ST_NAME,-1,-1;ST_POST_TY "ST_POST_TY" true true false 50 Text 0 0 ,First,#,C:\Montgomery Mapdata\Montgomery.gdb\Transportation\Roads,ST_POST_TYPE,-1,-1;ST_POST_DI "ST_POST_DI" true true false 9 Text 0 0 ,First,#,C:\Montgomery Mapdata\Montgomery.gdb\Transportation\Roads,ST_POST_DIR,-1,-1;ST_POST_MO "ST_POST_MOD" true true false 25 Text 0 0 ,First,#,C:\Montgomery Mapdata\Montgomery.gdb\Transportation\Roads,ST_POST_MOD,-1,-1;FULL_NAME "FULL_NAME" true true false 200 Text 0 0 ,First,#,C:\Montgomery Mapdata\Montgomery.gdb\Transportation\Roads,FULL_NAME,-1,-1;CITY_RIGHT "CITY_RIGHT" true true false 32 Text 0 0 ,First,#,C:\Montgomery Mapdata\Montgomery.gdb\Transportation\Roads,CITY_RIGHT,-1,-1;ZIP_RIGHT "ZIP_RIGHT" true true false 10 Text 0 0 ,First,#,C:\Montgomery Mapdata\Montgomery.gdb\Transportation\Roads,ZIP_RIGHT,-1,-1;CITY_LEFT "CITY_LEFT" true true false 32 Text 0 0 ,First,#,C:\Montgomery Mapdata\Montgomery.gdb\Transportation\Roads,CITY_LEFT,-1,-1;ZIP_LEFT "ZIP_LEFT" true true false 10 Text 0 0 ,First,#,C:\Montgomery Mapdata\Montgomery.gdb\Transportation\Roads,ZIP_LEFT,-1,-1;TRAVEL_DIR "TRAVEL_DIR" true true false 50 Text 0 0 ,First,#,C:\Montgomery Mapdata\Montgomery.gdb\Transportation\Roads,TRAVEL_DIR,-1,-1;RIGHT_FROM "RIGHT_FROM" true true false 10 Text 0 0 ,First,#,C:\Montgomery Mapdata\Montgomery.gdb\Transportation\Roads,RIGHT_FROM,-1,-1;RIGHT_TO "RIGHT_TO" true true false 10 Text 0 0 ,First,#,C:\Montgomery Mapdata\Montgomery.gdb\Transportation\Roads,RIGHT_TO,-1,-1;LEFT_FROM "LEFT_FROM" true true false 10 Text 0 0 ,First,#,C:\Montgomery Mapdata\Montgomery.gdb\Transportation\Roads,LEFT_FROM,-1,-1;LEFT_TO "LEFT_TO" true true false 10 Text 0 0 ,First,#,C:\Montgomery Mapdata\Montgomery.gdb\Transportation\Roads,LEFT_TO,-1,-1;PARITY_RIG "Parity_R" true true false 50 Text 0 0 ,First,#,C:\Montgomery Mapdata\Montgomery.gdb\Transportation\Roads,PARITY_RIGHT,-1,-1;PARITY_LEF "PARITY_LEF" true true false 50 Text 0 0 ,First,#,C:\Montgomery Mapdata\Montgomery.gdb\Transportation\Roads,PARITY_LEFT,-1,-1;ESN_RIGHT "ESN_RIGHT" true true false 5 Text 0 0 ,First,#,C:\Montgomery Mapdata\Montgomery.gdb\Transportation\Roads,ESN_RIGHT,-1,-1;ESN_LEFT "ESN_LEFT" true true false 5 Text 0 0 ,First,#,C:\Montgomery Mapdata\Montgomery.gdb\Transportation\Roads,ESN_LEFT,-1,-1;SR_NUMBER "SR_NUMBER" true true false 50 Text 0 0 ,First,#,C:\Montgomery Mapdata\Montgomery.gdb\Transportation\Roads,SR_NUMBER,-1,-1;HWY_CODE "HWY_CODE" true true false 3 Text 0 0 ,First,#,C:\Montgomery Mapdata\Montgomery.gdb\Transportation\Roads,HWY_CODE,-1,-1;NOTES "NOTES" true true false 100 Text 0 0 ,First,#,C:\Montgomery Mapdata\Montgomery.gdb\Transportation\Roads,NOTES,-1,-1;Shape_Leng "Shape_Leng" false true true 8 Double 0 0 ,First,#,C:\Montgomery Mapdata\Montgomery.gdb\Transportation\Roads,Shape_Length,-1,-1;created_us "created_us" false true false 255 Text 0 0 ,First,#,C:\Montgomery Mapdata\Montgomery.gdb\Transportation\Roads,created_user,-1,-1;created_da "created_da" false true false 8 Date 0 0 ,First,#,C:\Montgomery Mapdata\Montgomery.gdb\Transportation\Roads,created_date,-1,-1;last_edite "last_edite" false true false 255 Text 0 0 ,First,#,C:\Montgomery Mapdata\Montgomery.gdb\Transportation\Roads,last_edited_user,-1,-1;last_edi_1 "last_edi_1" false true false 8 Date 0 0 ,First,#,C:\Montgomery Mapdata\Montgomery.gdb\Transportation\Roads,last_edited_date,-1,-1" #</Process><Process ToolSource="c:\program files (x86)\arcgis\desktop10.7\ArcToolbox\Toolboxes\Conversion Tools.tbx\FeatureClassToFeatureClass" Date="20200825" Time="091909">FeatureClassToFeatureClass "C:\Montgomery Mapdata\Montgomery.gdb\Transportation\Roads" "C:\Montgomery Mapdata" Roads.shp # "ST_PRE_DIR "ST_PRE_DIR" true true false 9 Text 0 0 ,First,#,C:\Montgomery Mapdata\Montgomery.gdb\Transportation\Roads,ST_PRE_DIR,-1,-1;ST_PRE_TYP "ST_PRE_TYP" true true false 50 Text 0 0 ,First,#,C:\Montgomery Mapdata\Montgomery.gdb\Transportation\Roads,ST_PRE_TYP,-1,-1;ST_NAME "ST_NAME" true true false 60 Text 0 0 ,First,#,C:\Montgomery Mapdata\Montgomery.gdb\Transportation\Roads,ST_NAME,-1,-1;ST_POST_TY "ST_POST_TY" true true false 50 Text 0 0 ,First,#,C:\Montgomery Mapdata\Montgomery.gdb\Transportation\Roads,ST_POST_TY,-1,-1;ST_POST_DI "ST_POST_DI" true true false 9 Text 0 0 ,First,#,C:\Montgomery Mapdata\Montgomery.gdb\Transportation\Roads,ST_POST_DI,-1,-1;ST_POST_MO "ST_POST_MO" true true false 25 Text 0 0 ,First,#,C:\Montgomery Mapdata\Montgomery.gdb\Transportation\Roads,ST_POST_MO,-1,-1;FULL_NAME "FULL_NAME" true true false 200 Text 0 0 ,First,#,C:\Montgomery Mapdata\Montgomery.gdb\Transportation\Roads,FULL_NAME,-1,-1;CITY_RIGHT "CITY_RIGHT" true true false 32 Text 0 0 ,First,#,C:\Montgomery Mapdata\Montgomery.gdb\Transportation\Roads,CITY_RIGHT,-1,-1;ZIP_RIGHT "ZIP_RIGHT" true true false 10 Text 0 0 ,First,#,C:\Montgomery Mapdata\Montgomery.gdb\Transportation\Roads,ZIP_RIGHT,-1,-1;CITY_LEFT "CITY_LEFT" true true false 32 Text 0 0 ,First,#,C:\Montgomery Mapdata\Montgomery.gdb\Transportation\Roads,CITY_LEFT,-1,-1;ZIP_LEFT "ZIP_LEFT" true true false 10 Text 0 0 ,First,#,C:\Montgomery Mapdata\Montgomery.gdb\Transportation\Roads,ZIP_LEFT,-1,-1;RIGHT_FROM "RIGHT_FROM" true true false 10 Text 0 0 ,First,#,C:\Montgomery Mapdata\Montgomery.gdb\Transportation\Roads,RIGHT_FROM,-1,-1;RIGHT_TO "RIGHT_TO" true true false 10 Text 0 0 ,First,#,C:\Montgomery Mapdata\Montgomery.gdb\Transportation\Roads,RIGHT_TO,-1,-1;LEFT_FROM "LEFT_FROM" true true false 10 Text 0 0 ,First,#,C:\Montgomery Mapdata\Montgomery.gdb\Transportation\Roads,LEFT_FROM,-1,-1;LEFT_TO "LEFT_TO" true true false 10 Text 0 0 ,First,#,C:\Montgomery Mapdata\Montgomery.gdb\Transportation\Roads,LEFT_TO,-1,-1;PARITY_RIG "PARITY_RIG" true true false 50 Text 0 0 ,First,#,C:\Montgomery Mapdata\Montgomery.gdb\Transportation\Roads,PARITY_RIG,-1,-1;PARITY_LEF "PARITY_LEF" true true false 50 Text 0 0 ,First,#,C:\Montgomery Mapdata\Montgomery.gdb\Transportation\Roads,PARITY_LEF,-1,-1;ESN_RIGHT "ESN_RIGHT" true true false 5 Text 0 0 ,First,#,C:\Montgomery Mapdata\Montgomery.gdb\Transportation\Roads,ESN_RIGHT,-1,-1;ESN_LEFT "ESN_LEFT" true true false 5 Text 0 0 ,First,#,C:\Montgomery Mapdata\Montgomery.gdb\Transportation\Roads,ESN_LEFT,-1,-1;TRAVEL_DIR "TRAVEL_DIR" true true false 50 Text 0 0 ,First,#,C:\Montgomery Mapdata\Montgomery.gdb\Transportation\Roads,TRAVEL_DIR,-1,-1;SR_NUMBER "SR_NUMBER" true true false 50 Text 0 0 ,First,#,C:\Montgomery Mapdata\Montgomery.gdb\Transportation\Roads,SR_NUMBER,-1,-1;HWY_CODE "HWY_CODE" true true false 3 Text 0 0 ,First,#,C:\Montgomery Mapdata\Montgomery.gdb\Transportation\Roads,HWY_CODE,-1,-1;NOTES "NOTES" true true false 100 Text 0 0 ,First,#,C:\Montgomery Mapdata\Montgomery.gdb\Transportation\Roads,NOTES,-1,-1;Shape_Leng "Shape_Leng" true true false 8 Double 0 0 ,First,#,C:\Montgomery Mapdata\Montgomery.gdb\Transportation\Roads,Shape_Leng,-1,-1;created_us "created_us" true true false 254 Text 0 0 ,First,#,C:\Montgomery Mapdata\Montgomery.gdb\Transportation\Roads,created_us,-1,-1;created_da "created_da" true true false 8 Date 0 0 ,First,#,C:\Montgomery Mapdata\Montgomery.gdb\Transportation\Roads,created_da,-1,-1;last_edite "last_edite" true true false 254 Text 0 0 ,First,#,C:\Montgomery Mapdata\Montgomery.gdb\Transportation\Roads,last_edite,-1,-1;last_edi_1 "last_edi_1" true true false 8 Date 0 0 ,First,#,C:\Montgomery Mapdata\Montgomery.gdb\Transportation\Roads,last_edi_1,-1,-1;Shape_Le_2 "Shape_Le_2" false true true 8 Double 0 0 ,First,#,C:\Montgomery Mapdata\Montgomery.gdb\Transportation\Roads,Shape_Length,-1,-1" #</Process><Process ToolSource="c:\program files (x86)\arcgis\desktop10.7\ArcToolbox\Toolboxes\Data Management Tools.tbx\CalculateField" Date="20200901" Time="145654">CalculateField Transportation\Roads LGCYNAME [ST_NAME] VB #</Process><Process ToolSource="c:\program files (x86)\arcgis\desktop10.7\ArcToolbox\Toolboxes\Data Management Tools.tbx\CalculateField" Date="20200901" Time="145805">CalculateField Transportation\Roads LGCYTYPE [ST_POST_TY] VB #</Process><Process ToolSource="c:\program files (x86)\arcgis\desktop10.7\ArcToolbox\Toolboxes\Data Management Tools.tbx\CalculateField" Date="20200901" Time="145936">CalculateField Transportation\Roads LGCYPSTMOD [ST_POST_MO] VB #</Process><Process ToolSource="c:\program files (x86)\arcgis\desktop10.7\ArcToolbox\Toolboxes\Data Management Tools.tbx\CalculateField" Date="20200901" Time="150012">CalculateField Transportation\Roads LGCYPSTDIR [ST_POST_DI] VB #</Process><Process ToolSource="c:\program files (x86)\arcgis\desktop10.7\ArcToolbox\Toolboxes\Conversion Tools.tbx\FeatureClassToFeatureClass" Date="20200901" Time="155908">FeatureClassToFeatureClass "C:\Montgomery Mapdata\Montgomery.gdb\Transportation\Roads" "C:\Montgomery Mapdata" Roads.shp # "ST_PRE_MOD "ST_PRE_MOD" true true false 15 Text 0 0 ,First,#,C:\Montgomery Mapdata\Montgomery.gdb\Transportation\Roads,ST_PRE_MOD,-1,-1;ST_PRE_DIR "ST_PRE_DIR" true true false 9 Text 0 0 ,First,#,C:\Montgomery Mapdata\Montgomery.gdb\Transportation\Roads,ST_PRE_DIR,-1,-1;ST_PRE_TYP "ST_PRE_TYP" true true false 50 Text 0 0 ,First,#,C:\Montgomery Mapdata\Montgomery.gdb\Transportation\Roads,ST_PRE_TYP,-1,-1;ST_NAME "ST_NAME" true true false 60 Text 0 0 ,First,#,C:\Montgomery Mapdata\Montgomery.gdb\Transportation\Roads,ST_NAME,-1,-1;ST_POST_TY "ST_POST_TY" true true false 50 Text 0 0 ,First,#,C:\Montgomery Mapdata\Montgomery.gdb\Transportation\Roads,ST_POST_TY,-1,-1;ST_POST_DI "ST_POST_DI" true true false 9 Text 0 0 ,First,#,C:\Montgomery Mapdata\Montgomery.gdb\Transportation\Roads,ST_POST_DI,-1,-1;ST_POST_MO "ST_POST_MO" true true false 25 Text 0 0 ,First,#,C:\Montgomery Mapdata\Montgomery.gdb\Transportation\Roads,ST_POST_MO,-1,-1;FULL_NAME "FULL_NAME" true true false 200 Text 0 0 ,First,#,C:\Montgomery Mapdata\Montgomery.gdb\Transportation\Roads,FULL_NAME,-1,-1;CITY_RIGHT "CITY_RIGHT" true true false 32 Text 0 0 ,First,#,C:\Montgomery Mapdata\Montgomery.gdb\Transportation\Roads,CITY_RIGHT,-1,-1;ZIP_RIGHT "ZIP_RIGHT" true true false 10 Text 0 0 ,First,#,C:\Montgomery Mapdata\Montgomery.gdb\Transportation\Roads,ZIP_RIGHT,-1,-1;CITY_LEFT "CITY_LEFT" true true false 32 Text 0 0 ,First,#,C:\Montgomery Mapdata\Montgomery.gdb\Transportation\Roads,CITY_LEFT,-1,-1;ZIP_LEFT "ZIP_LEFT" true true false 10 Text 0 0 ,First,#,C:\Montgomery Mapdata\Montgomery.gdb\Transportation\Roads,ZIP_LEFT,-1,-1;RIGHT_FROM "RIGHT_FROM" true true false 10 Text 0 0 ,First,#,C:\Montgomery Mapdata\Montgomery.gdb\Transportation\Roads,RIGHT_FROM,-1,-1;RIGHT_TO "RIGHT_TO" true true false 10 Text 0 0 ,First,#,C:\Montgomery Mapdata\Montgomery.gdb\Transportation\Roads,RIGHT_TO,-1,-1;LEFT_FROM "LEFT_FROM" true true false 10 Text 0 0 ,First,#,C:\Montgomery Mapdata\Montgomery.gdb\Transportation\Roads,LEFT_FROM,-1,-1;LEFT_TO "LEFT_TO" true true false 10 Text 0 0 ,First,#,C:\Montgomery Mapdata\Montgomery.gdb\Transportation\Roads,LEFT_TO,-1,-1;PARITY_R "PARITY_R" true true false 50 Text 0 0 ,First,#,C:\Montgomery Mapdata\Montgomery.gdb\Transportation\Roads,PARITY_R,-1,-1;PARITY_L "PARITY_L" true true false 50 Text 0 0 ,First,#,C:\Montgomery Mapdata\Montgomery.gdb\Transportation\Roads,PARITY_L,-1,-1;ESN_RIGHT "ESN_RIGHT" true true false 5 Text 0 0 ,First,#,C:\Montgomery Mapdata\Montgomery.gdb\Transportation\Roads,ESN_RIGHT,-1,-1;ESN_LEFT "ESN_LEFT" true true false 5 Text 0 0 ,First,#,C:\Montgomery Mapdata\Montgomery.gdb\Transportation\Roads,ESN_LEFT,-1,-1;TRAVEL_DIR "TRAVEL_DIR" true true false 50 Text 0 0 ,First,#,C:\Montgomery Mapdata\Montgomery.gdb\Transportation\Roads,TRAVEL_DIR,-1,-1;SR_NUMBER "SR_NUMBER" true true false 50 Text 0 0 ,First,#,C:\Montgomery Mapdata\Montgomery.gdb\Transportation\Roads,SR_NUMBER,-1,-1;HWY_CODE "HWY_CODE" true true false 3 Text 0 0 ,First,#,C:\Montgomery Mapdata\Montgomery.gdb\Transportation\Roads,HWY_CODE,-1,-1;NOTES "NOTES" true true false 100 Text 0 0 ,First,#,C:\Montgomery Mapdata\Montgomery.gdb\Transportation\Roads,NOTES,-1,-1;LGCYPREMOD "LGCYPREMOD" true true false 15 Text 0 0 ,First,#,C:\Montgomery Mapdata\Montgomery.gdb\Transportation\Roads,LGCYPREMOD,-1,-1;LGCYPREDIR "LGCYPREDIR" true true false 2 Text 0 0 ,First,#,C:\Montgomery Mapdata\Montgomery.gdb\Transportation\Roads,LGCYPREDIR,-1,-1;LGCYPRETYP "LGCYPRETYP" true true false 50 Text 0 0 ,First,#,C:\Montgomery Mapdata\Montgomery.gdb\Transportation\Roads,LGCYPRETYPE,-1,-1;LGCYNAME "LGCYNAME" true true false 75 Text 0 0 ,First,#,C:\Montgomery Mapdata\Montgomery.gdb\Transportation\Roads,LGCYNAME,-1,-1;LGCYTYPE "LGCYTYPE" true true false 4 Text 0 0 ,First,#,C:\Montgomery Mapdata\Montgomery.gdb\Transportation\Roads,LGCYTYPE,-1,-1;LGCYPSTDIR "LGCYPSTDIR" true true false 2 Text 0 0 ,First,#,C:\Montgomery Mapdata\Montgomery.gdb\Transportation\Roads,LGCYPSTDIR,-1,-1;LGCYPSTMOD "LGCYPSTMOD" true true false 25 Text 0 0 ,First,#,C:\Montgomery Mapdata\Montgomery.gdb\Transportation\Roads,LGCYPSTMOD,-1,-1;UID "UID" true true false 255 Text 0 0 ,First,#,C:\Montgomery Mapdata\Montgomery.gdb\Transportation\Roads,UID,-1,-1;Shape_Leng "Shape_Leng" false true true 8 Double 0 0 ,First,#,C:\Montgomery Mapdata\Montgomery.gdb\Transportation\Roads,Shape_Length,-1,-1;created_us "created_us" true true false 254 Text 0 0 ,First,#,C:\Montgomery Mapdata\Montgomery.gdb\Transportation\Roads,created_us,-1,-1;created_da "created_da" true true false 8 Date 0 0 ,First,#,C:\Montgomery Mapdata\Montgomery.gdb\Transportation\Roads,created_da,-1,-1;last_edite "last_edite" true true false 254 Text 0 0 ,First,#,C:\Montgomery Mapdata\Montgomery.gdb\Transportation\Roads,last_edite,-1,-1;last_edi_2 "last_edi_2" true true false 8 Date 0 0 ,First,#,C:\Montgomery Mapdata\Montgomery.gdb\Transportation\Roads,last_edi_1,-1,-1" #</Process><Process ToolSource="c:\program files\arcgis\pro\Resources\ArcToolbox\Toolboxes\Data Management Tools.tbx\EnableEditorTracking" Date="20210201" Time="164240">EnableEditorTracking "C:\Montgomery Mapdata\Montgomery.gdb\Transportation\Roads" created_user created_date last_edited_user last_edited_date ADD_FIELDS "Time zone of database"</Process><Process ToolSource="c:\program files\arcgis\pro\Resources\ArcToolbox\Toolboxes\Data Management Tools.tbx\UpdateSchema" Date="20210201" Time="164437">UpdateSchema "CIMDATA=&lt;CIMFeatureDatasetDataConnection xsi:type='typens:CIMFeatureDatasetDataConnection' xmlns:xsi='http://www.w3.org/2001/XMLSchema-instance' xmlns:xs='http://www.w3.org/2001/XMLSchema' xmlns:typens='http://www.esri.com/schemas/ArcGIS/2.7.0'&gt;&lt;FeatureDataset&gt;Transportation&lt;/FeatureDataset&gt;&lt;WorkspaceConnectionString&gt;DATABASE=C:\Montgomery Mapdata\Montgomery.gdb&lt;/WorkspaceConnectionString&gt;&lt;WorkspaceFactory&gt;FileGDB&lt;/WorkspaceFactory&gt;&lt;Dataset&gt;Roads&lt;/Dataset&gt;&lt;DatasetType&gt;esriDTFeatureClass&lt;/DatasetType&gt;&lt;/CIMFeatureDatasetDataConnection&gt;" &lt;operationSequence&gt;&lt;workflow&gt;&lt;DeleteField&gt;&lt;field_name&gt;created_us&lt;/field_name&gt;&lt;field_name&gt;created_da&lt;/field_name&gt;&lt;field_name&gt;last_edite&lt;/field_name&gt;&lt;field_name&gt;last_edi_2&lt;/field_name&gt;&lt;/DeleteField&gt;&lt;/workflow&gt;&lt;/operationSequence&gt;</Process><Process ToolSource="c:\program files\arcgis\pro\Resources\ArcToolbox\Toolboxes\Data Management Tools.tbx\UpdateSchema" Date="20210201" Time="164557">UpdateSchema "CIMDATA=&lt;CIMFeatureDatasetDataConnection xsi:type='typens:CIMFeatureDatasetDataConnection' xmlns:xsi='http://www.w3.org/2001/XMLSchema-instance' xmlns:xs='http://www.w3.org/2001/XMLSchema' xmlns:typens='http://www.esri.com/schemas/ArcGIS/2.7.0'&gt;&lt;FeatureDataset&gt;Transportation&lt;/FeatureDataset&gt;&lt;WorkspaceConnectionString&gt;DATABASE=C:\Montgomery Mapdata\Montgomery.gdb&lt;/WorkspaceConnectionString&gt;&lt;WorkspaceFactory&gt;FileGDB&lt;/WorkspaceFactory&gt;&lt;Dataset&gt;Roads&lt;/Dataset&gt;&lt;DatasetType&gt;esriDTFeatureClass&lt;/DatasetType&gt;&lt;/CIMFeatureDatasetDataConnection&gt;" &lt;operationSequence&gt;&lt;workflow&gt;&lt;DeleteField&gt;&lt;field_name&gt;Shape_Leng&lt;/field_name&gt;&lt;/DeleteField&gt;&lt;/workflow&gt;&lt;/operationSequence&gt;</Process><Process ToolSource="c:\program files\arcgis\pro\Resources\ArcToolbox\toolboxes\Data Management Tools.tbx\CopyMultiple" Date="20210617" Time="100130">CopyMultiple "'C:\Montgomery Mapdata\Montgomery.gdb\Transportation\Roads' FeatureClass" "C:\Montgomery Mapdata\NG911 GIS\Montgomery\Montgomery.gdb\Transportation" Roads "Roads FeatureClass Roads #"</Process><Process ToolSource="c:\program files\arcgis\pro\Resources\ArcToolbox\toolboxes\Data Management Tools.tbx\CopyMultiple" Date="20210617" Time="101747">CopyMultiple "'C:\Montgomery Mapdata\NG911 GIS\Montgomery\Montgomery.gdb\Transportation\Roads' FeatureClass" "C:\Montgomery Mapdata\Montgomery.gdb\Transportation" Roads "Roads FeatureClass Roads #"</Process><Process ToolSource="c:\program files\arcgis\pro\Resources\ArcToolbox\toolboxes\Conversion Tools.tbx\FeatureClassToFeatureClass" Date="20211011" Time="101539">FeatureClassToFeatureClass "C:\Montgomery Mapdata\Montgomery.gdb\Transportation\Roads" "\\PSFileserver.montgomery.local\Mapping\Online Data\Road Centerlines" "Montgomery County Road Centerlines.shp" # "ST_PRE_MOD "ST_PRE_MOD" true true false 15 Text 0 0,First,#,C:\Montgomery Mapdata\Montgomery.gdb\Transportation\Roads,ST_PRE_MOD,0,15;ST_PRE_DIR "ST_PRE_DIR" true true false 9 Text 0 0,First,#,C:\Montgomery Mapdata\Montgomery.gdb\Transportation\Roads,ST_PRE_DIR,0,9;ST_PRE_TYP "ST_PRE_TYP" true true false 50 Text 0 0,First,#,C:\Montgomery Mapdata\Montgomery.gdb\Transportation\Roads,ST_PRE_TYP,0,50;ST_NAME "ST_NAME" true true false 60 Text 0 0,First,#,C:\Montgomery Mapdata\Montgomery.gdb\Transportation\Roads,ST_NAME,0,60;ST_POST_TY "ST_POST_TY" true true false 50 Text 0 0,First,#,C:\Montgomery Mapdata\Montgomery.gdb\Transportation\Roads,ST_POST_TY,0,50;ST_POST_DI "ST_POST_DI" true true false 9 Text 0 0,First,#,C:\Montgomery Mapdata\Montgomery.gdb\Transportation\Roads,ST_POST_DI,0,9;ST_POST_MO "ST_POST_MO" true true false 25 Text 0 0,First,#,C:\Montgomery Mapdata\Montgomery.gdb\Transportation\Roads,ST_POST_MO,0,25;FULL_NAME "FULL_NAME" true true false 200 Text 0 0,First,#,C:\Montgomery Mapdata\Montgomery.gdb\Transportation\Roads,FULL_NAME,0,200;CITY_RIGHT "CITY_RIGHT" true true false 32 Text 0 0,First,#,C:\Montgomery Mapdata\Montgomery.gdb\Transportation\Roads,CITY_RIGHT,0,32;ZIP_RIGHT "ZIP_RIGHT" true true false 10 Text 0 0,First,#,C:\Montgomery Mapdata\Montgomery.gdb\Transportation\Roads,ZIP_RIGHT,0,10;CITY_LEFT "CITY_LEFT" true true false 32 Text 0 0,First,#,C:\Montgomery Mapdata\Montgomery.gdb\Transportation\Roads,CITY_LEFT,0,32;ZIP_LEFT "ZIP_LEFT" true true false 10 Text 0 0,First,#,C:\Montgomery Mapdata\Montgomery.gdb\Transportation\Roads,ZIP_LEFT,0,10;RIGHT_FROM "RIGHT_FROM" true true false 10 Text 0 0,First,#,C:\Montgomery Mapdata\Montgomery.gdb\Transportation\Roads,RIGHT_FROM,0,10;RIGHT_TO "RIGHT_TO" true true false 10 Text 0 0,First,#,C:\Montgomery Mapdata\Montgomery.gdb\Transportation\Roads,RIGHT_TO,0,10;LEFT_FROM "LEFT_FROM" true true false 10 Text 0 0,First,#,C:\Montgomery Mapdata\Montgomery.gdb\Transportation\Roads,LEFT_FROM,0,10;LEFT_TO "LEFT_TO" true true false 10 Text 0 0,First,#,C:\Montgomery Mapdata\Montgomery.gdb\Transportation\Roads,LEFT_TO,0,10;PARITY_R "PARITY_R" true true false 50 Text 0 0,First,#,C:\Montgomery Mapdata\Montgomery.gdb\Transportation\Roads,PARITY_R,0,50;PARITY_L "PARITY_L" true true false 50 Text 0 0,First,#,C:\Montgomery Mapdata\Montgomery.gdb\Transportation\Roads,PARITY_L,0,50;ESN_RIGHT "ESN_RIGHT" true true false 5 Text 0 0,First,#,C:\Montgomery Mapdata\Montgomery.gdb\Transportation\Roads,ESN_RIGHT,0,5;ESN_LEFT "ESN_LEFT" true true false 5 Text 0 0,First,#,C:\Montgomery Mapdata\Montgomery.gdb\Transportation\Roads,ESN_LEFT,0,5;TRAVEL_DIR "TRAVEL_DIR" true true false 50 Text 0 0,First,#,C:\Montgomery Mapdata\Montgomery.gdb\Transportation\Roads,TRAVEL_DIR,0,50;SR_NUMBER "SR_NUMBER" true true false 50 Text 0 0,First,#,C:\Montgomery Mapdata\Montgomery.gdb\Transportation\Roads,SR_NUMBER,0,50;HWY_CODE "HWY_CODE" true true false 3 Text 0 0,First,#,C:\Montgomery Mapdata\Montgomery.gdb\Transportation\Roads,HWY_CODE,0,3;NOTES "NOTES" true true false 100 Text 0 0,First,#,C:\Montgomery Mapdata\Montgomery.gdb\Transportation\Roads,NOTES,0,100;LGCYPREMOD "LGCYPREMOD" true true false 15 Text 0 0,First,#,C:\Montgomery Mapdata\Montgomery.gdb\Transportation\Roads,LGCYPREMOD,0,15;LGCYPREDIR "LGCYPREDIR" true true false 2 Text 0 0,First,#,C:\Montgomery Mapdata\Montgomery.gdb\Transportation\Roads,LGCYPREDIR,0,2;LGCYPRETYP "LGCYPRETYP" true true false 50 Text 0 0,First,#,C:\Montgomery Mapdata\Montgomery.gdb\Transportation\Roads,LGCYPRETYP,0,50;LGCYNAME "LGCYNAME" true true false 75 Text 0 0,First,#,C:\Montgomery Mapdata\Montgomery.gdb\Transportation\Roads,LGCYNAME,0,75;LGCYTYPE "LGCYTYPE" true true false 4 Text 0 0,First,#,C:\Montgomery Mapdata\Montgomery.gdb\Transportation\Roads,LGCYTYPE,0,4;LGCYPSTDIR "LGCYPSTDIR" true true false 2 Text 0 0,First,#,C:\Montgomery Mapdata\Montgomery.gdb\Transportation\Roads,LGCYPSTDIR,0,2;LGCYPSTMOD "LGCYPSTMOD" true true false 25 Text 0 0,First,#,C:\Montgomery Mapdata\Montgomery.gdb\Transportation\Roads,LGCYPSTMOD,0,25;UID "UID" true true false 254 Text 0 0,First,#,C:\Montgomery Mapdata\Montgomery.gdb\Transportation\Roads,UID,0,254;GC_EXCEPTION "GC_EXCEPTION" true true false 75 Text 0 0,First,#,C:\Montgomery Mapdata\Montgomery.gdb\Transportation\Roads,GC_EXCEPTION,0,75;created_user "created_user" false true false 255 Text 0 0,First,#,C:\Montgomery Mapdata\Montgomery.gdb\Transportation\Roads,created_user,0,255;created_date "created_date" false true false 8 Date 0 0,First,#,C:\Montgomery Mapdata\Montgomery.gdb\Transportation\Roads,created_date,-1,-1;last_edited_user "last_edited_user" false true false 255 Text 0 0,First,#,C:\Montgomery Mapdata\Montgomery.gdb\Transportation\Roads,last_edited_user,0,255;last_edited_date "last_edited_date" false true false 8 Date 0 0,First,#,C:\Montgomery Mapdata\Montgomery.gdb\Transportation\Roads,last_edited_date,-1,-1;Shape_Length "Shape_Length" false true true 8 Double 0 0,First,#,C:\Montgomery Mapdata\Montgomery.gdb\Transportation\Roads,Shape_Length,-1,-1" #</Process></lineage><itemProps><itemLocation><linkage Sync="TRUE">file://\\PSFileserver.montgomery.local\Mapping\Online Data\Road Centerlines\Montgomery County Road Centerlines.shp</linkage><protocol Sync="TRUE">Local Area Network</protocol></itemLocation><itemName Sync="TRUE">Montgomery County Road Centerlines</itemName><imsContentType Sync="TRUE">002</imsContentType><itemSize Sync="TRUE">0.000</itemSize></itemProps><copyHistory><copy source="M:\Montgomery_Mapdata\Transportation\Roads" dest="\\911-ADMIN-3\M$\Montgomery_Mapdata\Address Points\Roads" date="20170927" time="11085300"></copy></copyHistory><coordRef><type Sync="TRUE">Projected</type><geogcsn Sync="TRUE">GCS_NAD_1983_2011</geogcsn><csUnits Sync="TRUE">Linear Unit: Foot_US (0.304801)</csUnits><projcsn Sync="TRUE">NAD_1983_2011_StatePlane_North_Carolina_FIPS_3200_Ft_US</projcsn><peXml Sync="TRUE">&lt;ProjectedCoordinateSystem xsi:type='typens:ProjectedCoordinateSystem' xmlns:xsi='http://www.w3.org/2001/XMLSchema-instance' xmlns:xs='http://www.w3.org/2001/XMLSchema' xmlns:typens='http://www.esri.com/schemas/ArcGIS/2.8.0'&gt;&lt;WKT&gt;PROJCS[&amp;quot;NAD_1983_2011_StatePlane_North_Carolina_FIPS_3200_Ft_US&amp;quot;,GEOGCS[&amp;quot;GCS_NAD_1983_2011&amp;quot;,DATUM[&amp;quot;D_NAD_1983_2011&amp;quot;,SPHEROID[&amp;quot;GRS_1980&amp;quot;,6378137.0,298.257222101]],PRIMEM[&amp;quot;Greenwich&amp;quot;,0.0],UNIT[&amp;quot;Degree&amp;quot;,0.0174532925199433]],PROJECTION[&amp;quot;Lambert_Conformal_Conic&amp;quot;],PARAMETER[&amp;quot;False_Easting&amp;quot;,2000000.0],PARAMETER[&amp;quot;False_Northing&amp;quot;,0.0],PARAMETER[&amp;quot;Central_Meridian&amp;quot;,-79.0],PARAMETER[&amp;quot;Standard_Parallel_1&amp;quot;,34.33333333333334],PARAMETER[&amp;quot;Standard_Parallel_2&amp;quot;,36.16666666666666],PARAMETER[&amp;quot;Latitude_Of_Origin&amp;quot;,33.75],UNIT[&amp;quot;Foot_US&amp;quot;,0.3048006096012192],AUTHORITY[&amp;quot;EPSG&amp;quot;,6543]]&lt;/WKT&gt;&lt;XOrigin&gt;-121841900&lt;/XOrigin&gt;&lt;YOrigin&gt;-93659000&lt;/YOrigin&gt;&lt;XYScale&gt;36365718.124241434&lt;/XYScale&gt;&lt;ZOrigin&gt;-100000&lt;/ZOrigin&gt;&lt;ZScale&gt;10000&lt;/ZScale&gt;&lt;MOrigin&gt;-100000&lt;/MOrigin&gt;&lt;MScale&gt;10000&lt;/MScale&gt;&lt;XYTolerance&gt;0.0032808333333333331&lt;/XYTolerance&gt;&lt;ZTolerance&gt;0.001&lt;/ZTolerance&gt;&lt;MTolerance&gt;0.001&lt;/MTolerance&gt;&lt;HighPrecision&gt;true&lt;/HighPrecision&gt;&lt;WKID&gt;103122&lt;/WKID&gt;&lt;LatestWKID&gt;6543&lt;/LatestWKID&gt;&lt;/ProjectedCoordinateSystem&gt;</peXml></coordRef></DataProperties><ArcGISFormat>1.0</ArcGISFormat></Esri><idinfo><native Sync="TRUE">Microsoft Windows XP Version 5.1 (Build 2600) Service Pack 3; ESRI ArcCatalog 9.3.1.3000</native><descript><langdata Sync="TRUE">en</langdata><abstract>Centerline data for Montgomery County NC</abstract><purpose>Centerline data for Montgomery County, NC</purpose></descript><citation><citeinfo><origin>REQUIRED: The name of an organization or individual that developed the data set.</origin><pubdate>REQUIRED: The date when the data set is published or otherwise made available for release.</pubdate><title Sync="TRUE">roads20091214</title><ftname Sync="TRUE">roads20091214</ftname><geoform Sync="TRUE">vector digital data</geoform><onlink Sync="TRUE">\\ADDRESSING\C$\Montgomery_Mapdata\transportation\roads20091214.shp</onlink></citeinfo></citation><timeperd><current>ground condition</current><timeinfo><sngdate><caldate>12/14/2009</caldate></sngdate></timeinfo></timeperd><status><progress>Complete</progress><update>As needed</update></status><spdom><bounding><westbc Sync="TRUE">-80.177875</westbc><eastbc Sync="TRUE">-79.622398</eastbc><northbc Sync="TRUE">35.512515</northbc><southbc Sync="TRUE">35.136913</southbc></bounding><lboundng><leftbc Sync="TRUE">1649470.376345</leftbc><rightbc Sync="TRUE">1813935.814146</rightbc><bottombc Sync="TRUE">506826.990476</bottombc><topbc Sync="TRUE">642043.698060</topbc></lboundng></spdom><keywords><theme><themekt>REQUIRED: Reference to a formally registered thesaurus or a similar authoritative source of theme keywords.</themekt><themekey>REQUIRED: Common-use word or phrase used to describe the subject of the data set.</themekey></theme></keywords><accconst>Do Not Edit!</accconst><useconst>Do Not Edit!</useconst><natvform Sync="TRUE">Shapefile</natvform><ptcontac><cntinfo><cntperp><cntper>Kevin Lamonds</cntper><cntorg>Montgomery County</cntorg></cntperp><cntpos>911 Coordinator</cntpos><cntvoice>910-576-0608</cntvoice><cntemail>klamonds@montgomerycountync.com</cntemail></cntinfo></ptcontac><datacred>Last update was complete on 12/14/2009</datacred></idinfo><dataIdInfo><envirDesc Sync="TRUE">Microsoft Windows 10 Version 10.0 (Build 19042) ; Esri ArcGIS 12.8.0.29751</envirDesc><dataLang><languageCode Sync="TRUE" value="eng"></languageCode><countryCode value="USA" Sync="TRUE"></countryCode></dataLang><idCitation><resTitle Sync="TRUE">Montgomery County Road Centerlines</resTitle><presForm><PresFormCd Sync="TRUE" value="005"></PresFormCd></presForm></idCitation><spatRpType><SpatRepTypCd Sync="TRUE" value="001"></SpatRepTypCd></spatRpType><dataExt><geoEle><GeoBndBox esriExtentType="native"><westBL Sync="TRUE">1649470.376345</westBL><eastBL Sync="TRUE">1813935.814146</eastBL><northBL Sync="TRUE">642043.69806</northBL><southBL Sync="TRUE">506826.990476</southBL><exTypeCode Sync="TRUE">1</exTypeCode></GeoBndBox></geoEle></dataExt><geoBox esriExtentType="decdegrees"><westBL Sync="TRUE">-80.177875</westBL><eastBL Sync="TRUE">-79.622398</eastBL><northBL Sync="TRUE">35.512515</northBL><southBL Sync="TRUE">35.136913</southBL><exTypeCode Sync="TRUE">1</exTypeCode></geoBox></dataIdInfo><metainfo><langmeta Sync="TRUE">en</langmeta><metstdn Sync="TRUE">FGDC Content Standards for Digital Geospatial Metadata</metstdn><metstdv Sync="TRUE">FGDC-STD-001-1998</metstdv><mettc Sync="TRUE">local time</mettc><metc><cntinfo><cntorgp><cntper>REQUIRED: The person responsible for the metadata information.</cntper><cntorg>REQUIRED: The organization responsible for the metadata information.</cntorg></cntorgp><cntaddr><addrtype>REQUIRED: The mailing and/or physical address for the organization or individual.</addrtype><city>REQUIRED: The city of the address.</city><state>REQUIRED: The state or province of the address.</state><postal>REQUIRED: The ZIP or other postal code of the address.</postal></cntaddr><cntvoice>REQUIRED: The telephone number by which individuals can speak to the organization or individual.</cntvoice></cntinfo></metc><metd Sync="TRUE">20091214</metd></metainfo><mdLang><languageCode Sync="TRUE" value="eng"></languageCode><countryCode value="USA" Sync="TRUE"></countryCode></mdLang><mdStanName Sync="TRUE">ISO 19115 Geographic Information - Metadata</mdStanName><mdStanVer Sync="TRUE">DIS_ESRI1.0</mdStanVer><mdChar><CharSetCd Sync="TRUE" value="004"></CharSetCd></mdChar><mdHrLv><ScopeCd Sync="TRUE" value="005"></ScopeCd></mdHrLv><mdHrLvName Sync="TRUE">dataset</mdHrLvName><distinfo><resdesc Sync="TRUE">Downloadable Data</resdesc><stdorder><digform><digtinfo><transize Sync="TRUE">1.471</transize><dssize Sync="TRUE">1.471</dssize></digtinfo></digform></stdorder></distinfo><distInfo><distributor><distorTran><onLineSrc><orDesc Sync="TRUE">002</orDesc><linkage Sync="TRUE">file://\\ADDRESSING\C$\Montgomery_Mapdata\transportation\roads20091214.shp</linkage><protocol Sync="TRUE">Local Area Network</protocol></onLineSrc><transSize Sync="TRUE">1.471</transSize></distorTran><distorFormat><formatName Sync="TRUE">Shapefile</formatName></distorFormat></distributor><distFormat><formatName Sync="TRUE">Shapefile</formatName></distFormat><distTranOps><transSize Sync="TRUE">0.000</transSize></distTranOps></distInfo><spdoinfo><direct Sync="TRUE">Vector</direct><ptvctinf><esriterm Name="Montgomery County Road Centerlines"><efeatyp Sync="TRUE">Simple</efeatyp><efeageom code="3" Sync="TRUE"></efeageom><esritopo Sync="TRUE">FALSE</esritopo><efeacnt Sync="TRUE">0</efeacnt><spindex Sync="TRUE">FALSE</spindex><linrefer Sync="TRUE">FALSE</linrefer></esriterm></ptvctinf></spdoinfo><spref><horizsys><cordsysn><geogcsn Sync="TRUE">GCS_North_American_1983</geogcsn><projcsn Sync="TRUE">NAD_1983_StatePlane_North_Carolina_FIPS_3200_Feet</projcsn></cordsysn><planar><planci><plance Sync="TRUE">coordinate pair</plance><plandu Sync="TRUE">survey feet</plandu><coordrep><absres Sync="TRUE">0.000000</absres><ordres Sync="TRUE">0.000000</ordres></coordrep></planci></planar><geodetic><horizdn Sync="TRUE">North American Datum of 1983</horizdn><ellips Sync="TRUE">Geodetic Reference System 80</ellips><semiaxis Sync="TRUE">6378137.000000</semiaxis><denflat Sync="TRUE">298.257222</denflat></geodetic></horizsys><vertdef><altsys><altenc Sync="TRUE">Explicit elevation coordinate included with horizontal coordinates</altenc><altres Sync="TRUE">0.000100</altres></altsys></vertdef></spref><refSysInfo><RefSystem><refSysID><identCode Sync="TRUE" code="6543">NAD_1983_StatePlane_North_Carolina_FIPS_3200_Feet</identCode><idCodeSpace Sync="TRUE">EPSG</idCodeSpace><idVersion Sync="TRUE">8.2.10(10.3.1)</idVersion></refSysID></RefSystem></refSysInfo><spatRepInfo><VectSpatRep><geometObjs Name="Montgomery County Road Centerlines"><geoObjTyp><GeoObjTypCd value="002" Sync="TRUE"></GeoObjTypCd></geoObjTyp><geoObjCnt Sync="TRUE">0</geoObjCnt></geometObjs><topLvl><TopoLevCd value="001" Sync="TRUE"></TopoLevCd></topLvl></VectSpatRep></spatRepInfo><eainfo><detailed Name="Montgomery County Road Centerlines"><enttyp><enttypl Sync="TRUE">Montgomery County Road Centerlines</enttypl><enttypt Sync="TRUE">Feature Class</enttypt><enttypc Sync="TRUE">0</enttypc></enttyp><attr><attrlabl Sync="TRUE">FID</attrlabl><attalias Sync="TRUE">FID</attalias><attrtype Sync="TRUE">OID</attrtype><attwidth Sync="TRUE">4</attwidth><atprecis Sync="TRUE">0</atprecis><attscale Sync="TRUE">0</attscale><attrdef Sync="TRUE">Internal feature number.</attrdef><attrdefs Sync="TRUE">Esri</attrdefs><attrdomv><udom Sync="TRUE">Sequential unique whole numbers that are automatically generated.</udom></attrdomv></attr><attr><attrlabl Sync="TRUE">Shape</attrlabl><attalias Sync="TRUE">Shape</attalias><attrtype Sync="TRUE">Geometry</attrtype><attwidth Sync="TRUE">0</attwidth><atprecis Sync="TRUE">0</atprecis><attscale Sync="TRUE">0</attscale><attrdef Sync="TRUE">Feature geometry.</attrdef><attrdefs Sync="TRUE">ESRI</attrdefs><attrdomv><udom Sync="TRUE">Coordinates defining the features.</udom></attrdomv></attr><attr><attrlabl Sync="TRUE">ST_PRE_MOD</attrlabl><attalias Sync="TRUE">ST_PRE_MOD</attalias><attrtype Sync="TRUE">String</attrtype><attwidth Sync="TRUE">15</attwidth><atprecis Sync="TRUE">0</atprecis><attscale Sync="TRUE">0</attscale></attr><attr><attrlabl Sync="TRUE">ST_PRE_DIR</attrlabl><attalias Sync="TRUE">ST_PRE_DIR</attalias><attrtype Sync="TRUE">String</attrtype><attwidth Sync="TRUE">9</attwidth><atprecis Sync="TRUE">0</atprecis><attscale Sync="TRUE">0</attscale></attr><attr><attrlabl Sync="TRUE">ST_PRE_TYP</attrlabl><attalias Sync="TRUE">ST_PRE_TYP</attalias><attrtype Sync="TRUE">String</attrtype><attwidth Sync="TRUE">50</attwidth><atprecis Sync="TRUE">0</atprecis><attscale Sync="TRUE">0</attscale></attr><attr><attrlabl Sync="TRUE">ST_NAME</attrlabl><attalias Sync="TRUE">ST_NAME</attalias><attrtype Sync="TRUE">String</attrtype><attwidth Sync="TRUE">60</attwidth><atprecis Sync="TRUE">0</atprecis><attscale Sync="TRUE">0</attscale></attr><attr><attrlabl Sync="TRUE">ST_POST_TY</attrlabl><attalias Sync="TRUE">ST_POST_TY</attalias><attrtype Sync="TRUE">String</attrtype><attwidth Sync="TRUE">50</attwidth><atprecis Sync="TRUE">0</atprecis><attscale Sync="TRUE">0</attscale></attr><attr><attrlabl Sync="TRUE">ST_POST_DI</attrlabl><attalias Sync="TRUE">ST_POST_DI</attalias><attrtype Sync="TRUE">String</attrtype><attwidth Sync="TRUE">9</attwidth><atprecis Sync="TRUE">0</atprecis><attscale Sync="TRUE">0</attscale></attr><attr><attrlabl Sync="TRUE">ST_POST_MO</attrlabl><attalias Sync="TRUE">ST_POST_MO</attalias><attrtype Sync="TRUE">String</attrtype><attwidth Sync="TRUE">25</attwidth><atprecis Sync="TRUE">0</atprecis><attscale Sync="TRUE">0</attscale></attr><attr><attrlabl Sync="TRUE">FULL_NAME</attrlabl><attalias Sync="TRUE">FULL_NAME</attalias><attrtype Sync="TRUE">String</attrtype><attwidth Sync="TRUE">200</attwidth><atprecis Sync="TRUE">0</atprecis><attscale Sync="TRUE">0</attscale></attr><attr><attrlabl Sync="TRUE">CITY_RIGHT</attrlabl><attalias Sync="TRUE">CITY_RIGHT</attalias><attrtype Sync="TRUE">String</attrtype><attwidth Sync="TRUE">32</attwidth><atprecis Sync="TRUE">0</atprecis><attscale Sync="TRUE">0</attscale></attr><attr><attrlabl Sync="TRUE">ZIP_RIGHT</attrlabl><attalias Sync="TRUE">ZIP_RIGHT</attalias><attrtype Sync="TRUE">String</attrtype><attwidth Sync="TRUE">10</attwidth><atprecis Sync="TRUE">0</atprecis><attscale Sync="TRUE">0</attscale></attr><attr><attrlabl Sync="TRUE">CITY_LEFT</attrlabl><attalias Sync="TRUE">CITY_LEFT</attalias><attrtype Sync="TRUE">String</attrtype><attwidth Sync="TRUE">32</attwidth><atprecis Sync="TRUE">0</atprecis><attscale Sync="TRUE">0</attscale></attr><attr><attrlabl Sync="TRUE">ZIP_LEFT</attrlabl><attalias Sync="TRUE">ZIP_LEFT</attalias><attrtype Sync="TRUE">String</attrtype><attwidth Sync="TRUE">10</attwidth><atprecis Sync="TRUE">0</atprecis><attscale Sync="TRUE">0</attscale></attr><attr><attrlabl Sync="TRUE">TRAVEL_DIR</attrlabl><attalias Sync="TRUE">TRAVEL_DIR</attalias><attrtype Sync="TRUE">String</attrtype><attwidth Sync="TRUE">50</attwidth><atprecis Sync="TRUE">0</atprecis><attscale Sync="TRUE">0</attscale></attr><attr><attrlabl Sync="TRUE">RIGHT_FROM</attrlabl><attalias Sync="TRUE">RIGHT_FROM</attalias><attrtype Sync="TRUE">String</attrtype><attwidth Sync="TRUE">10</attwidth><atprecis Sync="TRUE">0</atprecis><attscale Sync="TRUE">0</attscale></attr><attr><attrlabl Sync="TRUE">RIGHT_TO</attrlabl><attalias Sync="TRUE">RIGHT_TO</attalias><attrtype Sync="TRUE">String</attrtype><attwidth Sync="TRUE">10</attwidth><atprecis Sync="TRUE">0</atprecis><attscale Sync="TRUE">0</attscale></attr><attr><attrlabl Sync="TRUE">LEFT_FROM</attrlabl><attalias Sync="TRUE">LEFT_FROM</attalias><attrtype Sync="TRUE">String</attrtype><attwidth Sync="TRUE">10</attwidth><atprecis Sync="TRUE">0</atprecis><attscale Sync="TRUE">0</attscale></attr><attr><attrlabl Sync="TRUE">PARITY_R</attrlabl><attalias Sync="TRUE">PARITY_R</attalias><attrtype Sync="TRUE">String</attrtype><attwidth Sync="TRUE">50</attwidth><atprecis Sync="TRUE">0</atprecis><attscale Sync="TRUE">0</attscale></attr><attr><attrlabl Sync="TRUE">PARITY_L</attrlabl><attalias Sync="TRUE">PARITY_L</attalias><attrtype Sync="TRUE">String</attrtype><attwidth Sync="TRUE">50</attwidth><atprecis Sync="TRUE">0</atprecis><attscale Sync="TRUE">0</attscale></attr><attr><attrlabl Sync="TRUE">LEFT_TO</attrlabl><attalias Sync="TRUE">LEFT_TO</attalias><attrtype Sync="TRUE">String</attrtype><attwidth Sync="TRUE">10</attwidth><atprecis Sync="TRUE">0</atprecis><attscale Sync="TRUE">0</attscale></attr><attr><attrlabl Sync="TRUE">ESN_RIGHT</attrlabl><attalias Sync="TRUE">ESN_RIGHT</attalias><attrtype Sync="TRUE">String</attrtype><attwidth Sync="TRUE">5</attwidth><atprecis Sync="TRUE">0</atprecis><attscale Sync="TRUE">0</attscale></attr><attr><attrlabl Sync="TRUE">ESN_LEFT</attrlabl><attalias Sync="TRUE">ESN_LEFT</attalias><attrtype Sync="TRUE">String</attrtype><attwidth Sync="TRUE">5</attwidth><atprecis Sync="TRUE">0</atprecis><attscale Sync="TRUE">0</attscale></attr><attr><attrlabl Sync="TRUE">SR_NUMBER</attrlabl><attalias Sync="TRUE">SR_NUMBER</attalias><attrtype Sync="TRUE">String</attrtype><attwidth Sync="TRUE">50</attwidth><atprecis Sync="TRUE">0</atprecis><attscale Sync="TRUE">0</attscale></attr><attr><attrlabl Sync="TRUE">HWY_CODE</attrlabl><attalias Sync="TRUE">HWY_CODE</attalias><attrtype Sync="TRUE">String</attrtype><attwidth Sync="TRUE">3</attwidth><atprecis Sync="TRUE">0</atprecis><attscale Sync="TRUE">0</attscale></attr><attr><attrlabl Sync="TRUE">NOTES</attrlabl><attalias Sync="TRUE">NOTES</attalias><attrtype Sync="TRUE">String</attrtype><attwidth Sync="TRUE">100</attwidth><atprecis Sync="TRUE">0</atprecis><attscale Sync="TRUE">0</attscale></attr><attr><attrlabl Sync="TRUE">LGCYPREMOD</attrlabl><attalias Sync="TRUE">LGCYPREMOD</attalias><attrtype Sync="TRUE">String</attrtype><attwidth Sync="TRUE">15</attwidth><atprecis Sync="TRUE">0</atprecis><attscale Sync="TRUE">0</attscale></attr><attr><attrlabl Sync="TRUE">LGCYPREDIR</attrlabl><attalias Sync="TRUE">LGCYPREDIR</attalias><attrtype Sync="TRUE">String</attrtype><attwidth Sync="TRUE">2</attwidth><atprecis Sync="TRUE">0</atprecis><attscale Sync="TRUE">0</attscale></attr><attr><attrlabl Sync="TRUE">LGCYPRETYP</attrlabl><attalias Sync="TRUE">LGCYPRETYP</attalias><attrtype Sync="TRUE">String</attrtype><attwidth Sync="TRUE">50</attwidth><atprecis Sync="TRUE">0</atprecis><attscale Sync="TRUE">0</attscale></attr><attr><attrlabl Sync="TRUE">LGCYNAME</attrlabl><attalias Sync="TRUE">LGCYNAME</attalias><attrtype Sync="TRUE">String</attrtype><attwidth Sync="TRUE">75</attwidth><atprecis Sync="TRUE">0</atprecis><attscale Sync="TRUE">0</attscale></attr><attr><attrlabl Sync="TRUE">LGCYTYPE</attrlabl><attalias Sync="TRUE">LGCYTYPE</attalias><attrtype Sync="TRUE">String</attrtype><attwidth Sync="TRUE">4</attwidth><atprecis Sync="TRUE">0</atprecis><attscale Sync="TRUE">0</attscale></attr><attr><attrlabl Sync="TRUE">LGCYPSTDIR</attrlabl><attalias Sync="TRUE">LGCYPSTDIR</attalias><attrtype Sync="TRUE">String</attrtype><attwidth Sync="TRUE">2</attwidth><atprecis Sync="TRUE">0</atprecis><attscale Sync="TRUE">0</attscale></attr><attr><attrlabl Sync="TRUE">LGCYPSTMOD</attrlabl><attalias Sync="TRUE">LGCYPSTMOD</attalias><attrtype Sync="TRUE">String</attrtype><attwidth Sync="TRUE">25</attwidth><atprecis Sync="TRUE">0</atprecis><attscale Sync="TRUE">0</attscale></attr><attr><attrlabl Sync="TRUE">UID</attrlabl><attalias Sync="TRUE">UID</attalias><attrtype Sync="TRUE">String</attrtype><attwidth Sync="TRUE">254</attwidth><atprecis Sync="TRUE">0</atprecis><attscale Sync="TRUE">0</attscale></attr><attr><attrlabl Sync="TRUE">GC_EXCEPTI</attrlabl><attalias Sync="TRUE">GC_EXCEPTI</attalias><attrtype Sync="TRUE">String</attrtype><attwidth Sync="TRUE">75</attwidth><atprecis Sync="TRUE">0</atprecis><attscale Sync="TRUE">0</attscale></attr><attr><attrlabl Sync="TRUE">Shape_Leng</attrlabl><attalias Sync="TRUE">Shape_Leng</attalias><attrtype Sync="TRUE">Double</attrtype><attwidth Sync="TRUE">19</attwidth><atprecis Sync="TRUE">0</atprecis><attscale Sync="TRUE">0</attscale></attr><attr><attrlabl Sync="TRUE">created_us</attrlabl><attalias Sync="TRUE">created_us</attalias><attrtype Sync="TRUE">String</attrtype><attwidth Sync="TRUE">254</attwidth><atprecis Sync="TRUE">0</atprecis><attscale Sync="TRUE">0</attscale></attr><attr><attrlabl Sync="TRUE">created_da</attrlabl><attalias Sync="TRUE">created_da</attalias><attrtype Sync="TRUE">Date</attrtype><attwidth Sync="TRUE">8</attwidth><atprecis Sync="TRUE">0</atprecis><attscale Sync="TRUE">0</attscale></attr><attr><attrlabl Sync="TRUE">last_edi_1</attrlabl><attalias Sync="TRUE">last_edi_1</attalias><attrtype Sync="TRUE">Date</attrtype><attwidth Sync="TRUE">8</attwidth><atprecis Sync="TRUE">0</atprecis><attscale Sync="TRUE">0</attscale></attr><attr><attrlabl Sync="TRUE">last_edite</attrlabl><attalias Sync="TRUE">last_edite</attalias><attrtype Sync="TRUE">String</attrtype><attwidth Sync="TRUE">254</attwidth><atprecis Sync="TRUE">0</atprecis><attscale Sync="TRUE">0</attscale></attr></detailed></eainfo><mdDateSt Sync="TRUE">20211011</mdDateSt><dataqual><lineage><procstep><procdesc Sync="TRUE">Dataset copied.</procdesc><srcused Sync="TRUE">C:\Montgomery_Mapdata\transportation\OLDROADS\MCroads20091005</srcused><procdate Sync="TRUE">20091005</procdate><proctime Sync="TRUE">15205000</proctime></procstep><procstep><procdesc Sync="TRUE">Dataset copied.</procdesc><srcused Sync="TRUE">\\YOUR-066CA39BB4\C$\Montgomery_Mapdata\Montgomery.gdb</srcused><procdate Sync="TRUE">20091030</procdate><proctime Sync="TRUE">09422300</proctime></procstep><procstep><procdesc Sync="TRUE">Dataset copied.</procdesc><srcused Sync="TRUE">\\ADDRESSING\F\Montgomery.gdb</srcused><procdate Sync="TRUE">20091030</procdate><proctime Sync="TRUE">09563100</proctime></procstep><procstep><procdesc Sync="TRUE">Dataset copied.</procdesc><srcused Sync="TRUE">\\ADDRESSING\C$\Montgomery_Mapdata\Montgomery.gdb</srcused><procdate Sync="TRUE">20091202</procdate><proctime Sync="TRUE">15220000</proctime></procstep></lineage></dataqual></metadata>
